"ibfn","NikeHost","2014-7-23","Materials","UK","327","NO"
"cap","AppleCompany","1921-3-20","Industrials","China","883","NO"
"tjr","BOSCHHost","1901-12-26","Financial","Russia","642","YES"
"agjznj","VoxCorporation","2020-11-6","Energy","China","909","YES"
"uplgm","VoxHost","2008-11-21","Consumer Cyclical","Russia","227","NO"
"mwwqsh","HuntingtonHost","1999-2-5","Financial","UK","600","NO"
"xwmk","AppleEnterprise","2009-13-8","CommunicationServices","Russia","167","NO"
"ncrx","AlalaneEmpire","1932-9-27","Semiconductors","Japan","464","NO"
"qfnwhz","MouseHost","1902-5-11","Industrials","Russia","275","NO"
"yrfc","BOSCHGalactic","1913-5-4","Technology","Japan","482","NO"
"myurtx","HospitalGalactic","1962-4-18","Healtcare","Italy","292","NO"
"rozzt","BOSCHHost","1971-6-23","Consumer Cyclical","Russia","317","NO"
"iomra","MouseGalactic","1991-10-5","Industrials","China","84","NO"
"yiobo","AlalaneHost","1983-11-9","Financial","France","582","YES"
"qmbsu","BOSCHCorporation","1918-10-1","Financial","China","50","NO"
"fglydd","BOSCHGalactic","2020-13-32","Consumer Cyclical","Italy","552","NO"
"icd","VirginInc","1904-2-9","Technology","France","758","YES"
"adckak","PapitaInc","1966-5-3","Semiconductors","USA","683","YES"
"xmw","PalantirCorporation","1996-4-12","Consumer Cyclical","Italy","187","YES"
"szozz","BurgerKingHost","2002-2-23","Financial","Japan","619","YES"
"pifd","MeuzauEmpire","1979-13-28","Semiconductors","China","340","YES"
"anypj","VirginCorporation","1948-9-17","CommunicationServices","USA","396","NO"
"hwhnnh","TeslaCompany","1904-7-20","Technology","USA","163","YES"
"hud","ReebolCompany","1944-10-4","Financial","Russia","82","NO"
"ldmqf","PapitaCompany","1901-11-18","Energy","Japan","389","YES"
"ytzizq","MarshalHolder","1946-3-16","CommunicationServices","UK","193","NO"
"sdfq","AdidasCorporation","1993-2-20","CommunicationServices","Russia","884","NO"
"mosqd","NikeEmpire","2011-13-29","Financial","Italy","149","NO"
"mucblj","KFCHost","1992-6-12","Materials","France","545","NO"
"rwqv","HPHolder","2017-6-14","Financial","UK","730","YES"
"xesm","NikeHost","1900-12-15","Energy","Germany","480","YES"
"tfskh","HuntingtonHolder","1963-9-2","CommunicationServices","Germany","262","NO"
"cmzmf","MindalEmpire","2013-7-1","Materials","Germany","299","YES"
"unnmf","VirginCorporation","1949-13-6","CommunicationServices","USA","521","YES"
"hvclue","AMDCorporation","1949-5-5","Consumer Cyclical","Italy","457","YES"
"xdcv","AppleEnterprise","1942-9-31","Consumer Cyclical","USA","538","YES"
"mlxz","NickelHost","1908-7-3","Technology","France","694","NO"
"xnub","AdidasHolder","1935-6-24","Consumer Cyclical","UK","200","NO"
"ifhzak","AMDHolder","1905-2-18","Materials","Italy","673","YES"
"jail","JuiceCompany","1952-11-24","CommunicationServices","UK","828","YES"
"rfda","MindalEnterprise","1983-13-3","Semiconductors","Russia","397","YES"
"xcmzgo","NickelCorporation","1962-10-5","Semiconductors","Japan","47","NO"
"owvjm","ToshibaEnterprise","2001-4-18","Industrials","Italy","286","YES"
"eeiaxl","TeslaCorporation","1920-11-2","Consumer Cyclical","China","308","NO"
"umzf","PapitaGalactic","1993-2-11","CommunicationServices","China","177","NO"
"jtmeiz","ToshibaCompany","1961-4-16","Industrials","USA","48","YES"
"clifd","AcerHolder","1904-11-11","Materials","Russia","60","NO"
"cvulwe","SamsungHost","1930-10-8","Energy","Russia","125","YES"
"flpb","LukoilEnterprise","1970-5-8","Financial","China","344","NO"
"xworlk","MeuzauCompany","2013-9-30","Technology","USA","268","YES"
"svy","OrangeInc","1989-8-30","Materials","Russia","889","YES"
"trjic","McDonaldsGalactic","1933-8-21","CommunicationServices","Japan","83","YES"
"majpfj","VoxCompany","1968-11-2","Financial","Germany","111","YES"
"csr","MaximGalactic","1953-8-30","Semiconductors","Russia","210","NO"
"tdipzj","MindalGalactic","1918-11-1","Semiconductors","France","957","YES"
"uvqw","MaximHost","2000-11-14","Technology","Russia","304","NO"
"rnx","AdidasCompany","1982-5-25","CommunicationServices","Germany","733","NO"
"eqi","AsusHost","2016-5-14","Healtcare","Japan","610","YES"
"asatfu","PalantirCorporation","2018-8-25","Materials","Italy","57","YES"
"zkcod","PalantirHolder","1918-8-20","Technology","France","620","NO"
"evsgls","AmazonEmpire","1957-5-5","Semiconductors","Russia","927","NO"
"cszxyh","MicrosoftEmpire","1928-7-6","Healtcare","France","353","YES"
"hwlhy","AlalaneEmpire","1981-10-5","Technology","Japan","204","YES"
"xrwul","MaximHost","1958-1-17","CommunicationServices","Russia","525","YES"
"tgnu","TeslaCompany","2003-3-13","Industrials","Russia","922","NO"
"hqf","AlalaneCompany","1982-11-1","Financial","Japan","297","NO"
"zil","AlalaneGalactic","1963-5-6","Energy","China","932","YES"
"gkluq","SimonEmpire","1993-1-16","Consumer Cyclical","China","171","YES"
"wis","NVIDIAHost","1980-6-32","Energy","France","783","NO"
"dtlati","LukoilCorporation","1959-9-20","CommunicationServices","Germany","62","NO"
"parkks","AdidasHolder","2018-2-15","Financial","Germany","901","NO"
"czzro","NVIDIAEmpire","1913-9-2","Healtcare","USA","128","NO"
"ddbe","AlalaneEnterprise","1984-7-17","Technology","USA","621","NO"
"fbxf","MirrowCorporation","1921-4-22","CommunicationServices","China","458","YES"
"fvb","TeslaCompany","1962-7-5","Technology","China","420","NO"
"eoa","MarshalCompany","1987-3-6","Industrials","USA","990","YES"
"wej","VirginEmpire","1990-5-4","CommunicationServices","Italy","598","NO"
"omj","AMDInc","1941-11-29","Industrials","Italy","198","NO"
"xais","SimonEmpire","2002-8-25","Industrials","Japan","232","YES"
"pvggsi","SberBankEmpire","1946-2-6","CommunicationServices","Italy","539","YES"
"bow","AMDCorporation","2011-10-16","Healtcare","China","81","YES"
"ndgsc","MindalCorporation","2001-1-16","CommunicationServices","France","37","NO"
"epcq","ToshibaInc","1982-4-15","Semiconductors","Germany","147","YES"
"jek","ReebolHolder","1980-12-21","Materials","Japan","732","NO"
"hpbuv","ToshibaEmpire","1915-6-6","Technology","Italy","54","YES"
"adhvoo","MarshalHolder","1907-3-3","Healtcare","Germany","613","NO"
"qtgxm","JuiceEnterprise","2005-6-13","Technology","Russia","508","NO"
"zed","MeuzauCorporation","1946-2-31","Consumer Cyclical","UK","668","YES"
"cekooh","SamsungEmpire","2004-2-12","Financial","Italy","537","NO"
"thc","KFCEnterprise","2012-12-18","Semiconductors","USA","504","NO"
"zepss","KFCEnterprise","2020-6-12","Healtcare","UK","390","NO"
"gbwb","MeuzauCompany","1900-10-32","Industrials","France","374","NO"
"rspdw","NVIDIAEnterprise","2003-13-7","Healtcare","USA","693","YES"
"atngp","MaximCorporation","1983-10-1","Technology","Russia","575","NO"
"zlkhzv","OrangeHolder","1942-5-21","Industrials","Japan","190","NO"
"ushzq","AsusCompany","1936-11-6","Healtcare","USA","681","NO"
"echat","MouseCompany","1946-7-18","Technology","UK","222","YES"
"uon","MaximCorporation","1962-5-28","Energy","Japan","926","NO"
"gaqy","JuiceEmpire","1964-8-31","Financial","Japan","647","NO"
"mnezl","PalantirGalactic","1995-12-29","CommunicationServices","France","722","NO"
"medyt","MarshalEmpire","1941-2-4","Materials","France","915","NO"
"pnxkl","BOSCHHolder","1906-6-30","Financial","Japan","451","NO"
"xgliyo","MouseEnterprise","1922-6-22","Consumer Cyclical","Italy","183","NO"
"efpb","MindalEmpire","1964-2-10","Energy","France","379","YES"
"ozfjr","NickelEmpire","2008-6-4","Financial","Russia","410","NO"
"vtvrey","SberBankEmpire","1964-3-20","Financial","USA","646","YES"
"igatet","VoxGalactic","1969-4-13","Financial","Germany","248","NO"
"vhjxug","MouseEnterprise","1997-12-5","Materials","Japan","360","YES"
"ijmv","JuiceCorporation","2000-3-13","CommunicationServices","UK","495","NO"
"wtwqoq","McDonaldsCorporation","1901-13-12","Materials","China","814","NO"
"sgjq","BOSCHEmpire","1920-7-14","Consumer Cyclical","Japan","254","NO"
"ofesox","HuntingtonEnterprise","2018-7-18","Financial","Italy","184","NO"
"mlvk","NVIDIAHost","1983-6-32","Technology","Germany","601","NO"
"upd","VoxEmpire","1914-3-24","Semiconductors","USA","216","NO"
"xkq","BurgerKingCompany","1907-12-24","CommunicationServices","UK","615","YES"
"hov","VoxGalactic","1919-6-13","Consumer Cyclical","USA","916","YES"
"jjnk","MindalInc","1968-9-4","Consumer Cyclical","USA","689","NO"
"uhxy","LukoilInc","2008-10-9","Consumer Cyclical","China","643","YES"
"udggf","NVIDIAEmpire","1963-4-32","Industrials","France","671","NO"
"cirm","VirginHost","1961-10-19","Materials","Italy","278","YES"
"gketrt","AlalaneCorporation","1962-13-22","CommunicationServices","Italy","624","NO"
"ujcar","PapitaEmpire","1925-2-21","CommunicationServices","Russia","586","NO"
"dnnhsc","MindalHolder","1924-13-26","Healtcare","Russia","359","YES"
"yzzqo","HospitalInc","1997-3-10","Industrials","Russia","974","NO"
"gvt","VirginHost","1986-2-5","Semiconductors","France","975","NO"
"ooq","MouseEmpire","1928-7-17","Industrials","China","727","NO"
"ggv","HospitalCorporation","1977-8-6","Technology","Italy","703","NO"
"dzw","TeslaInc","2005-9-29","Consumer Cyclical","Japan","649","YES"
"kdwv","HuntingtonInc","1942-7-1","Financial","Japan","499","YES"
"xtnvwo","NikeHolder","1957-6-6","Semiconductors","Germany","489","NO"
"kxorj","LukoilGalactic","1938-1-10","Industrials","Russia","332","NO"
"mlj","MaximEnterprise","1955-13-26","Semiconductors","Germany","963","YES"
"ept","BurgerKingHolder","1919-2-21","CommunicationServices","France","186","YES"
"kkhd","ToshibaCorporation","1998-6-11","Financial","Germany","431","YES"
"luo","SamsungHost","1907-10-8","CommunicationServices","France","599","NO"
"leuv","MeuzauGalactic","1974-11-1","Consumer Cyclical","Italy","792","YES"
"mudr","MarshalInc","1973-3-14","Industrials","Japan","155","YES"
"xpi","VirginCorporation","1935-12-31","CommunicationServices","USA","260","YES"
"lccx","TeslaEnterprise","1901-1-9","Financial","UK","540","YES"
"xffb","PalantirHost","2000-7-25","Materials","Germany","214","YES"
"sgbr","AsusEnterprise","2000-12-25","Financial","Germany","597","NO"
"hwgm","TeslaEmpire","1992-13-11","Financial","Germany","774","YES"
"ohh","KFCGalactic","2000-1-31","Financial","Italy","73","YES"
"cfz","AmazonGalactic","1955-1-20","Materials","China","240","NO"
"tjm","AcerCompany","1931-8-3","CommunicationServices","UK","777","YES"
"bpd","AppleCorporation","1926-2-30","Industrials","UK","718","YES"
"dqc","AdidasInc","1969-5-26","Industrials","China","127","NO"
"wjgqtn","LukoilCompany","1902-1-25","Energy","Italy","923","YES"
"knta","AMDHolder","2017-9-22","Consumer Cyclical","China","725","YES"
"wianne","AlalaneEmpire","1919-8-22","Semiconductors","China","199","NO"
"huu","AsusGalactic","2002-11-29","CommunicationServices","Russia","135","YES"
"eni","ToshibaHost","1997-2-30","Financial","USA","137","YES"
"hbou","MindalHolder","1970-2-22","Materials","China","743","YES"
"hpd","NVIDIAHost","1963-8-1","CommunicationServices","Italy","563","YES"
"etbz","MeuzauCompany","1964-5-29","Materials","Japan","355","YES"
"qphv","AsusCompany","1925-1-5","Energy","Japan","293","NO"
"atmy","NLTEnterprise","1903-3-26","Industrials","Japan","215","YES"
"daluet","MouseInc","1984-9-11","Technology","France","770","YES"
"crjjs","AdidasHolder","1994-10-1","Consumer Cyclical","UK","230","NO"
"tmkvzl","SamsungHost","1962-10-15","CommunicationServices","Russia","261","NO"
"ogj","AMDGalactic","2007-11-7","Healtcare","France","654","NO"
"kjozh","AMDEnterprise","1907-10-5","Industrials","Germany","794","YES"
"jkco","JuiceEnterprise","1976-6-21","Materials","Germany","986","YES"
"fbqrz","KFCGalactic","1953-5-13","Consumer Cyclical","Germany","851","NO"
"wkgf","HospitalHolder","1959-9-8","Materials","Italy","113","YES"
"egrt","HospitalHolder","1980-5-26","Materials","Japan","987","YES"
"nsvs","BurgerKingEnterprise","2017-2-15","CommunicationServices","Italy","921","YES"
"pzhwvp","NickelCorporation","2015-5-3","CommunicationServices","France","960","YES"
"aevvz","PapitaHolder","1976-3-3","Materials","France","100","NO"
"fxvku","JuiceHolder","1946-11-21","Semiconductors","China","861","NO"
"oksxkx","McDonaldsEmpire","2014-5-21","Energy","China","991","YES"
"wtrr","MindalInc","2016-1-21","Healtcare","USA","383","YES"
"qyhm","MirrowHolder","1909-8-17","Consumer Cyclical","USA","370","NO"
"rtyyvz","MouseCompany","1924-7-32","CommunicationServices","France","852","YES"
"jtryo","OrangeHolder","1992-8-16","Healtcare","Germany","641","NO"
"atc","NickelEmpire","1937-2-31","Materials","France","185","NO"
"bzv","MouseHost","1982-4-16","Industrials","UK","159","YES"
"pbpwy","NVIDIAEmpire","1905-11-17","Energy","Russia","581","YES"
"xni","JuiceGalactic","1920-6-24","Technology","UK","318","YES"
"ges","VirginHolder","1968-2-19","Consumer Cyclical","Germany","885","YES"
"qxroft","VirginGalactic","1930-11-21","Industrials","Italy","454","NO"
"gzldqy","KFCCompany","1987-10-11","Healtcare","Russia","776","YES"
"tmapzw","MaximCompany","2018-9-29","Consumer Cyclical","Russia","500","NO"
"sohlv","ToshibaGalactic","1913-5-8","Energy","Japan","85","YES"
"qhjdj","ReebolCorporation","2018-2-32","Energy","Germany","94","NO"
"hezlt","AMDHost","1935-2-17","Financial","France","22","YES"
"buwpl","HospitalCorporation","1951-3-27","Consumer Cyclical","Germany","63","NO"
"phapm","LukoilCompany","1922-10-15","CommunicationServices","Japan","793","NO"
"lfh","AppleHolder","2001-6-8","CommunicationServices","USA","466","NO"
"wvbdvp","MirrowHolder","1987-10-9","Industrials","Germany","387","NO"
"jui","KFCInc","1979-2-17","Consumer Cyclical","UK","104","YES"
"bvgyd","MindalHolder","1901-8-21","Consumer Cyclical","China","357","YES"
"jtvwne","MirrowEnterprise","1932-5-13","Consumer Cyclical","UK","7","YES"
"wnz","NickelGalactic","2001-6-27","Consumer Cyclical","Japan","328","YES"
"jardp","NLTHolder","2016-11-3","Consumer Cyclical","Germany","122","YES"
"xdrh","SimonEmpire","2015-3-15","Semiconductors","USA","23","YES"
"lrrab","OrangeHolder","1901-7-2","Semiconductors","Japan","365","YES"
"qesvf","MouseInc","1980-6-22","Industrials","China","329","NO"
"ghsjg","BurgerKingHost","1910-10-31","Healtcare","Russia","429","NO"
"rqx","MaximEnterprise","2002-7-15","Healtcare","USA","678","YES"
"uolw","HospitalHost","1927-13-27","Industrials","Italy","862","YES"
"tlzbfh","AdidasCompany","2021-3-19","CommunicationServices","USA","106","YES"
"pda","AdidasCompany","1949-2-12","Semiconductors","Italy","524","YES"
"mmba","VoxEmpire","1927-13-7","Materials","USA","426","NO"
"mohsu","MirrowHolder","1967-1-23","CommunicationServices","Russia","837","YES"
"ntaqud","AlalaneGalactic","1936-2-32","Materials","Germany","935","YES"
"bpwv","VoxGalactic","1912-6-25","Semiconductors","Italy","872","YES"
"bhqxk","AppleHolder","2007-5-22","Technology","Russia","352","YES"
"haql","McDonaldsEnterprise","1992-11-8","Energy","Germany","903","NO"
"eodokt","PalantirInc","1902-12-9","Financial","UK","950","YES"
"dblc","BurgerKingCorporation","1917-9-30","CommunicationServices","Germany","325","YES"
"hqhot","AcerGalactic","1913-1-25","Financial","Italy","608","YES"
"nngasi","TeslaHost","1919-9-24","Consumer Cyclical","UK","625","NO"
"pasch","NLTCompany","1906-13-7","Industrials","Germany","944","NO"
"yyc","AdidasCompany","1959-1-21","CommunicationServices","Germany","333","YES"
"stusty","MeuzauHolder","1954-5-17","Materials","Germany","380","NO"
"gmra","NLTCompany","1970-5-23","CommunicationServices","Italy","941","YES"
"pqu","NVIDIACorporation","1987-9-15","Consumer Cyclical","France","478","NO"
"rkmu","SimonInc","2005-13-10","Industrials","USA","734","NO"
"pob","MaximEmpire","1906-5-14","Industrials","Germany","771","YES"
"rac","OrangeGalactic","1928-12-22","Semiconductors","UK","841","YES"
"xlhoh","NikeEnterprise","2002-12-9","Energy","China","403","YES"
"wbhvc","LukoilHolder","2004-12-31","Materials","USA","978","YES"
"qjacoh","HuntingtonGalactic","1972-13-4","Energy","Germany","657","YES"
"mdeinc","KFCEnterprise","1904-3-20","Semiconductors","China","152","NO"
"skemfy","LukoilCompany","1940-9-30","Technology","China","795","NO"
"dsynx","MouseInc","1969-4-13","Technology","France","750","NO"
"fyfmxd","MeuzauGalactic","1993-9-10","Semiconductors","Italy","134","YES"
"cfai","MaximHost","2001-10-22","Semiconductors","Italy","946","YES"
"jdm","PalantirCompany","2017-13-24","Materials","Germany","38","YES"
"ubqq","JuiceHolder","1972-12-20","Consumer Cyclical","Japan","243","NO"
"mjwle","ToshibaEnterprise","1931-3-12","Financial","UK","241","YES"
"dyuds","MindalEmpire","1918-11-17","Financial","UK","191","NO"
"znssl","AmazonHolder","1970-3-25","Technology","UK","11","NO"
"kosgod","HPEnterprise","1970-3-4","Technology","Germany","118","YES"
"jokxa","MarshalEmpire","1953-5-26","Energy","Japan","820","YES"
"vbjvg","SberBankHost","2000-11-4","Consumer Cyclical","China","351","YES"
"jay","AdidasCorporation","1950-3-25","Materials","China","32","NO"
"xgxa","OrangeHost","1910-8-2","Materials","Japan","806","NO"
"pmsl","AppleHolder","1959-10-11","Materials","China","123","YES"
"kexequ","PapitaEmpire","2021-2-23","Industrials","Japan","233","NO"
"mpcov","JuiceEmpire","1904-2-4","Materials","Russia","535","NO"
"xji","SamsungCompany","1903-11-26","Healtcare","USA","512","NO"
"hpjj","VirginEmpire","1916-1-11","Materials","France","320","YES"
"pfwkft","AlalaneGalactic","1940-13-24","Semiconductors","Russia","973","YES"
"hsapg","AsusEnterprise","1933-5-2","Materials","Italy","367","YES"
"wsvbd","HPEnterprise","1939-5-18","Consumer Cyclical","France","799","YES"
"wce","MeuzauHost","2018-12-15","Industrials","Russia","910","NO"
"xgl","NickelEmpire","1928-4-21","Financial","Japan","780","YES"
"ppykkc","VoxInc","1991-1-22","Materials","UK","132","NO"
"lghg","SimonHost","1949-5-10","Materials","China","728","YES"
"nlgl","TeslaEnterprise","1948-2-21","Healtcare","Italy","242","NO"
"stroqs","TeslaEnterprise","1959-1-23","Materials","Japan","823","NO"
"dwufdn","TeslaCompany","1961-9-12","Healtcare","USA","709","NO"
"yrfgxi","AcerInc","1973-13-26","Healtcare","Japan","515","NO"
"ugohdx","NVIDIAEmpire","2007-12-16","Technology","USA","832","YES"
"nlez","ToshibaCorporation","2013-12-27","Technology","France","75","NO"
"zeef","MaximCompany","1910-7-30","Consumer Cyclical","Italy","900","YES"
"gspijf","KFCEnterprise","1963-4-2","Consumer Cyclical","Russia","565","YES"
"qth","NickelHost","1927-1-29","Materials","France","943","NO"
"iwkj","MeuzauGalactic","1939-6-8","Technology","Japan","640","YES"
"hgxp","MirrowEmpire","2009-6-4","Semiconductors","Italy","781","YES"
"ljnbm","HPInc","1959-1-20","Energy","Japan","816","YES"
"pgipy","SamsungGalactic","2005-7-8","Consumer Cyclical","Russia","423","YES"
"sgwjhy","MirrowCorporation","1973-4-3","Financial","China","269","YES"
"cvxo","AsusHost","2001-8-6","CommunicationServices","China","435","NO"
"fcpnox","NVIDIAGalactic","1973-5-18","Financial","Italy","19","NO"
"wpu","NikeHost","1930-7-14","Financial","USA","252","YES"
"bdyko","AmazonCompany","1900-5-7","Industrials","China","460","NO"
"jdykp","AsusCompany","1936-8-11","Materials","USA","942","YES"
"dut","AlalaneCorporation","1918-13-3","Healtcare","Italy","59","YES"
"usd","BOSCHHost","1943-2-28","Energy","UK","316","NO"
"yax","AmazonEmpire","1979-7-23","CommunicationServices","China","993","YES"
"tebwp","HospitalInc","1963-10-12","Materials","UK","720","YES"
"nkek","VirginCompany","1976-7-1","CommunicationServices","France","21","YES"
"fyh","MirrowInc","1913-9-12","Industrials","USA","675","YES"
"sucnqi","AppleCompany","1925-10-10","Consumer Cyclical","UK","564","YES"
"icz","JuiceCompany","1914-10-20","Semiconductors","Italy","924","YES"
"bbdv","AdidasHost","2006-6-26","Materials","USA","633","NO"
"erjo","MeuzauGalactic","1912-10-14","Semiconductors","China","938","NO"
"jbav","MeuzauCompany","1995-2-4","Industrials","China","485","YES"
"fxl","KFCCompany","1909-10-18","Materials","Japan","345","YES"
"wdsn","TeslaHolder","1909-13-10","Consumer Cyclical","Italy","568","NO"
"vvdffv","NickelEnterprise","1915-2-31","Technology","France","765","NO"
"bzldvr","JuiceCompany","2009-7-32","Consumer Cyclical","China","741","NO"
"fwewq","PalantirCompany","2020-5-26","Industrials","Italy","593","NO"
"tkkqrq","SamsungInc","1992-2-13","Consumer Cyclical","UK","856","YES"
"djdk","MouseCorporation","2019-3-12","Energy","China","330","NO"
"xvmcxk","HPGalactic","2012-10-28","Materials","UK","86","YES"
"gzkrj","AsusInc","1979-10-2","Consumer Cyclical","France","824","YES"
"cdwa","NLTCompany","1981-2-3","Materials","Russia","448","NO"
"ufzn","BOSCHEmpire","1927-1-23","CommunicationServices","France","392","NO"
"wdfwd","MouseGalactic","1931-2-9","Materials","France","726","NO"
"lnp","OrangeInc","2003-7-10","Semiconductors","France","731","NO"
"kdfrm","KFCHolder","1989-7-13","Consumer Cyclical","Japan","356","NO"
"kdgvzz","HPInc","1902-10-19","Energy","Japan","882","YES"
"who","ToshibaHolder","1932-9-18","Energy","USA","656","NO"
"kywulj","HuntingtonGalactic","1986-3-25","Materials","Russia","319","NO"
"owl","MeuzauEmpire","1979-11-6","Industrials","China","322","NO"
"smtkc","BOSCHCompany","1911-3-1","Consumer Cyclical","Germany","244","NO"
"biaxvb","MirrowInc","2004-8-8","Industrials","UK","213","NO"
"lwkd","AlalaneGalactic","1907-13-9","Materials","Russia","49","YES"
"fpzr","NickelInc","2008-5-7","Semiconductors","China","688","YES"
"ctdwc","AdidasHost","1983-9-24","Semiconductors","Russia","713","NO"
"txk","TeslaCompany","1977-11-8","Materials","France","417","NO"
"egggv","TeslaInc","1947-13-16","Consumer Cyclical","Japan","305","YES"
"vbknim","AdidasEmpire","1909-10-12","Healtcare","Germany","541","NO"
"vtr","HPCorporation","1974-12-32","CommunicationServices","UK","41","NO"
"otrv","PapitaCompany","1909-5-4","CommunicationServices","Japan","492","NO"
"qcn","BurgerKingGalactic","2014-2-15","Energy","Germany","284","NO"
"emcs","AmazonInc","2011-6-12","Healtcare","Italy","887","NO"
"uhbcd","NLTCompany","1949-2-15","Healtcare","USA","103","NO"
"fvyzh","PapitaCorporation","2017-11-5","Energy","China","235","NO"
"bped","MouseCorporation","1919-11-28","CommunicationServices","France","866","YES"
"xbs","AMDEmpire","1954-12-7","Materials","France","15","NO"
"eacq","AMDCorporation","1959-6-18","CommunicationServices","USA","805","YES"
"cyrx","TeslaEmpire","2008-4-16","Financial","China","819","YES"
"pql","PalantirCompany","1959-9-28","Energy","China","995","YES"
"drq","SberBankCompany","2003-7-9","CommunicationServices","Italy","556","NO"
"fffiq","NVIDIAHost","1952-7-7","CommunicationServices","Japan","400","NO"
"tgd","NikeCorporation","1922-2-12","Healtcare","Japan","472","YES"
"hfmej","MeuzauCorporation","1967-12-13","Energy","Russia","473","NO"
"xesz","HuntingtonInc","1977-1-8","Healtcare","China","953","NO"
"xgu","BurgerKingHost","1927-9-24","Materials","China","666","YES"
"wrlz","AlalaneEnterprise","1989-3-27","Technology","Japan","513","YES"
"xuspgc","AMDEmpire","1946-6-7","Consumer Cyclical","France","406","YES"
"gykzeo","HPCompany","1923-8-24","Materials","USA","558","NO"
"hhzyc","MarshalHolder","1993-8-9","Semiconductors","Russia","509","YES"
"esfm","MarshalHost","1935-8-2","Financial","China","908","YES"
"wiiuu","SberBankInc","1947-1-16","Financial","Germany","651","NO"
"eudlkc","MeuzauCompany","2020-13-14","Semiconductors","France","548","NO"
"nsuwf","TeslaEnterprise","1927-8-9","Industrials","China","749","YES"
"ilvobv","AMDInc","1987-4-3","Industrials","China","707","YES"
"pzvff","AmazonCorporation","1919-12-28","Financial","Russia","902","NO"
"myqie","MouseHolder","1902-8-8","Technology","Germany","51","NO"
"nszg","AsusEnterprise","1970-9-25","Technology","Japan","547","NO"
"alpkwh","VoxCompany","1978-6-27","Financial","USA","117","YES"
"owd","HPHost","1908-9-8","Financial","USA","549","NO"
"mlzpky","TeslaGalactic","1992-9-25","Energy","France","168","NO"
"tvf","BurgerKingCorporation","1927-13-13","Energy","Italy","766","YES"
"mdnk","AcerCorporation","1912-6-27","Technology","USA","283","NO"
"lpho","JuiceHolder","1987-10-32","CommunicationServices","Russia","225","NO"
"mkeh","KFCEnterprise","1971-5-1","Energy","Japan","892","YES"
"mvjn","MindalEnterprise","1979-6-10","Industrials","Italy","514","NO"
"sup","VoxCompany","1969-3-8","Technology","Russia","346","NO"
"nbm","OrangeGalactic","1919-8-1","Semiconductors","Italy","79","NO"
"lkxt","HospitalEmpire","1980-3-8","Materials","Russia","474","NO"
"virt","VoxCompany","1902-9-30","Energy","China","258","NO"
"dnxeqv","MeuzauHost","2018-7-13","Healtcare","Japan","983","NO"
"ixkn","HospitalEnterprise","1905-12-1","Materials","UK","468","YES"
"nnz","HPHolder","1910-4-28","CommunicationServices","UK","105","YES"
"kkbp","MaximGalactic","1921-11-17","Financial","UK","994","NO"
"wbjch","NickelHolder","1917-1-25","Technology","UK","860","NO"
"fjlclg","SberBankEnterprise","1940-3-20","Technology","Russia","672","NO"
"ejpus","AcerInc","1998-13-32","Semiconductors","USA","334","NO"
"yuazm","MeuzauHost","1931-11-21","Energy","Italy","529","YES"
"tgb","MarshalGalactic","1921-13-13","Semiconductors","France","350","YES"
"sbpgvm","HospitalHost","1922-4-2","Semiconductors","France","947","NO"
"okqhe","NVIDIAHost","1974-11-21","Energy","France","579","YES"
"wapt","SberBankGalactic","2003-7-7","Semiconductors","Japan","553","NO"
"wnhgfw","SberBankCorporation","1933-1-27","Consumer Cyclical","Italy","77","NO"
"glrcoc","MirrowInc","1940-13-11","Healtcare","UK","491","YES"
"nnjolv","MarshalInc","2003-9-24","Healtcare","China","247","YES"
"qolyk","MaximCorporation","1988-7-25","Semiconductors","France","980","NO"
"tbi","PapitaCorporation","1963-3-14","Consumer Cyclical","Japan","475","NO"
"lhdna","VoxGalactic","1961-9-32","Industrials","France","857","YES"
"clpzk","TeslaInc","1952-12-19","CommunicationServices","France","886","NO"
"cvdld","AmazonHolder","1914-12-9","Financial","UK","674","NO"
"vdjaqq","LukoilHost","1908-3-7","CommunicationServices","France","486","YES"
"mgshci","JuiceGalactic","1956-11-20","Technology","Russia","282","YES"
"uyucb","AlalaneCorporation","1942-7-13","Industrials","Japan","301","YES"
"zto","MarshalHolder","1984-12-28","Energy","UK","338","NO"
"ljcphq","MarshalEmpire","1931-10-3","CommunicationServices","USA","90","NO"
"xuffm","AmazonEmpire","1910-9-20","Materials","France","976","YES"
"eoarpb","BurgerKingCompany","1964-8-11","Consumer Cyclical","Germany","92","YES"
"zvimiv","SamsungEnterprise","1993-4-13","Healtcare","Japan","45","YES"
"nmxs","TeslaHost","1939-12-19","Semiconductors","Germany","30","YES"
"yiffo","NickelHost","1909-2-28","Healtcare","Japan","595","YES"
"xevh","HuntingtonCompany","1942-13-5","Industrials","France","407","NO"
"gzyj","VoxGalactic","1970-2-29","Financial","Japan","752","NO"
"ufeda","ReebolEnterprise","1991-10-4","Consumer Cyclical","UK","133","YES"
"adyber","AsusEmpire","1970-10-27","Healtcare","Germany","580","NO"
"qpyppg","MindalCorporation","1937-5-24","Materials","UK","130","NO"
"pigj","NickelEnterprise","1974-3-23","Healtcare","USA","68","YES"
"ditflm","AsusHolder","1950-7-15","Energy","USA","36","YES"
"zjuxws","OrangeInc","1964-2-9","Energy","UK","936","YES"
"wcao","JuiceGalactic","1948-6-12","CommunicationServices","Italy","639","YES"
"cqpkj","MouseHost","2011-3-19","Financial","USA","762","NO"
"taopo","VoxEnterprise","1944-6-1","Financial","UK","366","NO"
"vix","HPInc","1906-3-16","CommunicationServices","Russia","951","NO"
"qmsgi","AlalaneCompany","1980-9-16","Consumer Cyclical","Japan","561","NO"
"gpuurn","VirginCorporation","1980-5-18","Healtcare","France","312","YES"
"lhfk","NVIDIAHolder","1938-2-8","Healtcare","USA","498","YES"
"cokitr","AlalaneEnterprise","1929-7-9","CommunicationServices","France","737","NO"
"gvtee","HuntingtonGalactic","1964-12-10","Semiconductors","Italy","306","NO"
"lwm","VoxEmpire","1958-11-26","Materials","Italy","33","NO"
"pjkpk","MeuzauHost","1997-5-23","Consumer Cyclical","USA","349","NO"
"bzafl","NVIDIAEnterprise","1935-9-7","Semiconductors","Japan","897","NO"
"qgn","NickelHost","1922-3-6","Materials","Japan","679","NO"
"firqm","AsusInc","1936-10-32","Consumer Cyclical","UK","836","YES"
"tvzy","NikeHolder","1900-3-18","Industrials","UK","139","YES"
"zwmb","PalantirEnterprise","2019-12-30","Consumer Cyclical","Italy","443","NO"
"actdx","ToshibaGalactic","1995-3-17","Consumer Cyclical","Japan","452","YES"
"ozyn","HuntingtonHolder","1985-12-24","Financial","Japan","790","YES"
"zlv","BurgerKingEnterprise","1948-4-15","Materials","France","146","YES"
"ausavw","KFCHolder","1932-1-15","Consumer Cyclical","China","124","YES"
"nfkjim","McDonaldsHost","1986-11-20","Energy","Russia","259","YES"
"bqs","AppleEnterprise","2010-3-30","Energy","China","61","YES"
"cugoau","OrangeCorporation","2011-5-30","Financial","France","523","YES"
"yqz","McDonaldsHost","1969-13-24","Industrials","Japan","433","YES"
"iicabs","ReebolHolder","1986-4-31","Industrials","China","10","YES"
"kel","ToshibaInc","1939-6-20","Consumer Cyclical","Japan","436","YES"
"zvvd","PapitaHolder","2012-5-8","Materials","Russia","386","NO"
"nsgt","BurgerKingCompany","2007-11-1","Energy","Germany","496","NO"
"kahxjg","ToshibaInc","1902-9-15","Technology","Italy","577","YES"
"ibc","ToshibaEmpire","1975-1-2","Semiconductors","USA","189","YES"
"pkxm","AdidasInc","2000-2-20","Healtcare","Japan","757","YES"
"gwxoqu","NikeCompany","1987-7-21","CommunicationServices","USA","611","NO"
"kdzeq","HPEmpire","1942-8-4","Healtcare","USA","962","YES"
"mfj","LukoilEnterprise","1945-10-9","Materials","Japan","804","YES"
"kklzd","SamsungCompany","1956-13-3","CommunicationServices","Russia","880","YES"
"eizpoe","PapitaEnterprise","2007-7-19","Energy","UK","465","YES"
"etl","AcerCorporation","2013-7-26","Technology","China","931","NO"
"hos","NLTGalactic","1939-4-23","Financial","China","119","YES"
"tptf","BurgerKingEnterprise","2019-6-21","Materials","USA","188","YES"
"yrkm","NVIDIAEnterprise","1906-1-11","Energy","Japan","562","NO"
"vqyph","AsusGalactic","1942-13-11","Industrials","USA","404","NO"
"hjxp","NLTCompany","1927-3-20","Energy","France","811","YES"
"cit","BOSCHInc","1982-1-31","Healtcare","Japan","290","NO"
"jaoi","VirginEmpire","1917-3-22","Industrials","Japan","300","NO"
"ean","HospitalGalactic","1960-3-15","Consumer Cyclical","Japan","46","NO"
"vkgb","MirrowHolder","1906-8-3","CommunicationServices","France","266","NO"
"esn","PapitaEmpire","1935-10-10","Materials","China","1000","NO"
"yktcpr","TeslaEnterprise","1967-5-21","Technology","UK","557","YES"
"dylwh","MarshalHost","1936-10-18","Technology","UK","323","NO"
"tnst","AMDHost","1914-10-14","Financial","Russia","381","YES"
"rhgerg","VoxEnterprise","1921-3-17","Consumer Cyclical","Russia","531","NO"
"kyr","SimonHost","1917-5-22","Semiconductors","UK","544","NO"
"iag","AmazonHost","1965-7-1","Industrials","Japan","459","YES"
"cwa","McDonaldsInc","1950-2-21","Financial","Germany","875","NO"
"vzmdh","NLTInc","2021-2-20","Financial","China","759","YES"
"ufdth","AsusHost","1913-10-16","Energy","Germany","632","YES"
"mufj","HPCorporation","1951-12-9","Materials","Russia","982","YES"
"zcjkmf","AcerEnterprise","1993-4-17","Consumer Cyclical","Italy","988","YES"
"yooeh","McDonaldsGalactic","1934-8-20","Industrials","Germany","961","NO"
"mykbok","KFCHolder","1980-2-15","Materials","UK","663","YES"
"qhqml","AppleInc","1947-10-20","Technology","France","354","YES"
"zzy","NickelEnterprise","1953-8-28","Materials","Russia","273","NO"
"sinlro","PapitaCorporation","1959-13-9","Semiconductors","Germany","786","YES"
"gwitlh","AdidasInc","1949-2-24","Technology","France","101","YES"
"vvdir","NickelCorporation","1952-2-21","Materials","UK","326","YES"
"low","AcerInc","1937-13-3","Semiconductors","France","825","YES"
"eqkhq","ReebolHost","2012-4-19","Technology","Japan","456","YES"
"uywqm","HPEmpire","1993-8-24","Technology","UK","587","NO"
"adzis","NLTEmpire","2009-6-18","Healtcare","Japan","925","NO"
"eqwyxj","MarshalEnterprise","1977-8-7","Healtcare","Russia","1","YES"
"bmumu","AppleInc","1934-1-21","CommunicationServices","Italy","782","YES"
"fcjdb","NLTHost","2019-11-15","Technology","UK","695","YES"
"uiqof","KFCHolder","1979-8-29","CommunicationServices","Italy","527","YES"
"lwmhjn","MaximHost","1951-7-4","Energy","Italy","206","YES"
"ujxooa","AmazonHost","2004-12-1","Energy","China","566","NO"
"hjfhw","VoxEmpire","1910-13-4","CommunicationServices","Germany","228","NO"
"rpgq","PalantirEnterprise","1988-8-14","Healtcare","France","121","YES"
"hzk","VirginEmpire","1930-11-8","Semiconductors","Germany","979","NO"
"sgzej","MarshalEmpire","1957-11-12","Technology","Germany","331","NO"
"ulkfd","SberBankEmpire","1974-4-19","Technology","Russia","848","YES"
"lzwtuo","AcerEnterprise","1953-3-4","CommunicationServices","USA","867","YES"
"ieuzgs","HPCompany","1995-3-12","Semiconductors","Germany","245","YES"
"jgfq","LukoilHolder","1916-7-27","Materials","Italy","53","YES"
"xyxq","TeslaHost","1924-11-8","Industrials","Germany","87","YES"
"rwwo","NikeHolder","2001-13-14","Energy","China","96","YES"
"jpbvuf","MarshalCompany","1994-2-5","Healtcare","China","287","NO"
"thjk","ReebolCompany","1929-1-20","CommunicationServices","Russia","348","YES"
"cqhb","PalantirHost","2009-9-18","Industrials","Russia","798","YES"
"eyntfw","McDonaldsHost","1995-11-30","Financial","USA","701","YES"
"havoqq","OrangeHolder","1985-6-13","Technology","UK","95","NO"
"ieh","VirginCompany","1989-4-11","Healtcare","USA","815","NO"
"djbbfe","NikeHost","1953-13-3","Consumer Cyclical","France","274","YES"
"bdo","BOSCHGalactic","1926-6-27","Healtcare","France","511","NO"
"kgz","AcerGalactic","1998-13-13","CommunicationServices","Italy","716","YES"
"iofq","ReebolHolder","1977-9-10","Industrials","France","449","YES"
"plzxrz","BOSCHHost","1919-10-10","Healtcare","USA","442","NO"
"nuvh","MicrosoftInc","1923-3-31","Financial","USA","434","YES"
"wpi","MarshalCorporation","1905-4-28","Energy","Italy","844","YES"
"sxyxu","NLTHost","1970-4-28","Energy","France","966","NO"
"koe","JuiceHolder","2007-5-23","Materials","Germany","985","YES"
"aqcg","HPEnterprise","2014-2-28","Industrials","Russia","996","NO"
"dmtvo","SberBankInc","1910-6-25","Industrials","Italy","534","NO"
"elf","AcerHolder","1987-12-28","Materials","France","411","YES"
"rkagjb","MaximHost","1958-12-22","Industrials","USA","143","NO"
"lkwdz","HuntingtonInc","2004-10-2","CommunicationServices","Japan","196","NO"
"eqe","PapitaCorporation","1954-3-5","Consumer Cyclical","Russia","769","NO"
"eirxrb","AppleEmpire","1983-8-16","CommunicationServices","Russia","314","YES"
"fdpm","NLTHolder","1954-4-32","Technology","USA","446","NO"
"sdqaxk","SamsungCompany","1948-2-20","Energy","Russia","144","YES"
"yyylz","ReebolCompany","1985-6-16","Industrials","USA","652","YES"
"putks","HuntingtonCompany","2000-9-28","Technology","Japan","428","YES"
"pibjm","BurgerKingGalactic","1905-12-24","Healtcare","Italy","481","NO"
"die","SimonCorporation","2021-5-31","Energy","USA","31","NO"
"enj","VoxCompany","1978-5-5","Healtcare","UK","773","NO"
"fnxjwf","MindalEnterprise","1975-5-28","Healtcare","Germany","650","YES"
"gtm","NLTHost","1964-9-31","Materials","Germany","691","YES"
"zhe","AMDEmpire","2000-8-18","Financial","USA","419","NO"
"rpqy","NVIDIAEnterprise","1986-6-19","Semiconductors","USA","336","NO"
"vwqwy","NickelInc","1927-2-16","Semiconductors","China","69","YES"
"gjbw","JuiceCompany","2007-12-24","Financial","Italy","616","NO"
"frzgz","AMDHost","1963-2-11","Consumer Cyclical","France","3","YES"
"uyeuoi","BOSCHCorporation","1924-5-10","Financial","UK","838","NO"
"ipgj","MaximCorporation","1929-3-22","Financial","China","846","YES"
"aotklk","MindalCorporation","1983-7-1","Materials","USA","911","NO"
"tqvrja","AdidasCorporation","1901-1-27","Financial","Italy","818","YES"
"ciq","AppleCorporation","2009-8-26","Consumer Cyclical","France","237","NO"
"squy","McDonaldsCompany","1996-2-14","Energy","USA","888","YES"
"gci","McDonaldsEnterprise","1964-8-30","Technology","Japan","212","YES"
"uywo","MouseInc","2011-1-28","Materials","USA","295","YES"
"kimh","NVIDIACorporation","1948-7-3","Energy","UK","28","YES"
"adxpdd","VirginHost","1968-1-28","Energy","USA","705","YES"
"xiglv","MirrowEmpire","1961-12-21","Energy","China","894","YES"
"rdfa","BurgerKingCorporation","1946-12-7","Energy","Germany","470","NO"
"frpvrk","ToshibaGalactic","2003-10-12","Semiconductors","France","692","NO"
"zzmtp","HuntingtonInc","1930-7-32","Energy","Russia","162","YES"
"udcyr","McDonaldsEmpire","1927-12-32","Consumer Cyclical","Germany","984","NO"
"bzu","AMDHolder","1941-12-22","CommunicationServices","Japan","280","YES"
"gcvil","TeslaEmpire","1951-2-12","CommunicationServices","France","34","NO"
"thl","AdidasCompany","1901-2-20","Healtcare","UK","661","NO"
"apex","AdidasCorporation","2018-2-11","Consumer Cyclical","Russia","779","NO"
"qlxw","MirrowCorporation","1924-11-4","CommunicationServices","France","285","YES"
"zva","KFCInc","1919-7-11","Semiconductors","France","667","YES"
"hpmanu","VirginCompany","1942-11-12","Materials","Italy","778","NO"
"ihsjp","MicrosoftInc","1939-10-14","Semiconductors","Japan","789","NO"
"ciuc","NikeGalactic","1904-1-1","Energy","Germany","955","YES"
"hcfzfc","ToshibaHost","1985-9-11","Technology","Germany","467","YES"
"wdvql","SberBankGalactic","2004-3-6","Financial","Russia","748","NO"
"izv","NLTGalactic","2011-7-19","Materials","Russia","948","YES"
"uhso","KFCHolder","1912-13-28","Industrials","France","502","YES"
"ygszz","BOSCHGalactic","1913-8-29","CommunicationServices","Russia","840","NO"
"erfo","SberBankHolder","1964-6-13","Consumer Cyclical","Italy","964","NO"
"ppl","SamsungInc","1993-9-15","Industrials","Italy","88","NO"
"ikfb","JuiceCorporation","2019-6-6","Consumer Cyclical","Germany","822","NO"
"mcfsj","PapitaHolder","1988-7-22","Energy","Germany","827","YES"
"dubibd","BurgerKingCompany","2010-8-5","CommunicationServices","Japan","153","YES"
"xxym","VirginGalactic","1980-7-16","Financial","UK","55","NO"
"pvdag","TeslaInc","2006-1-9","Materials","China","78","YES"
"fhgyom","AcerHost","1934-13-5","Healtcare","Russia","39","NO"
"leenbn","MindalGalactic","1985-2-10","Materials","Germany","906","NO"
"jcf","AcerGalactic","1904-1-28","Consumer Cyclical","Italy","684","YES"
"iwmuh","AmazonHolder","1989-2-22","Healtcare","France","276","YES"
"jwp","ToshibaInc","1998-1-24","CommunicationServices","Italy","176","NO"
"zuj","AmazonCorporation","1952-13-29","Healtcare","USA","849","NO"
"xojtt","PalantirInc","1908-1-5","CommunicationServices","USA","788","NO"
"nbw","MeuzauCompany","1947-3-12","Industrials","China","506","YES"
"umcaio","HPGalactic","1993-1-3","Technology","USA","868","YES"
"vxyofh","MicrosoftEnterprise","1939-4-28","CommunicationServices","Russia","670","YES"
"rvuq","NikeGalactic","1926-8-13","Industrials","Italy","965","YES"
"lopbmh","AlalaneGalactic","1969-9-19","Materials","UK","704","YES"
"yfie","BOSCHCorporation","1935-6-5","Healtcare","USA","753","YES"
"aupp","MirrowHost","1947-10-14","Financial","Italy","251","YES"
"qswwkb","SberBankCompany","1998-9-26","Healtcare","UK","682","NO"
"uybpro","MicrosoftInc","2016-3-17","Consumer Cyclical","USA","638","YES"
"huepaw","ReebolCorporation","1941-8-24","Energy","USA","853","YES"
"lbbuwe","MicrosoftHost","1990-11-23","CommunicationServices","China","528","YES"
"rrwa","PalantirHost","1940-11-6","Materials","France","970","NO"
"psfn","MarshalInc","2015-1-12","Financial","Italy","972","YES"
"yejvc","HuntingtonCorporation","1904-11-21","Semiconductors","China","517","NO"
"ccw","BOSCHHost","2011-2-6","CommunicationServices","UK","899","YES"
"armc","PapitaHost","1984-11-24","Semiconductors","France","471","NO"
"sqcg","AdidasCorporation","1991-5-22","Industrials","UK","335","NO"
"fesntc","BurgerKingCorporation","1907-2-21","Consumer Cyclical","Japan","572","YES"
"xawrrx","AppleHost","1986-6-1","CommunicationServices","China","6","YES"
"gul","MaximEnterprise","1901-7-19","Industrials","Italy","192","NO"
"fqmy","NikeInc","2020-7-21","Industrials","China","830","YES"
"jglft","VirginHolder","1901-9-8","Semiconductors","Italy","173","NO"
"jvgb","OrangeHolder","2007-10-16","Industrials","USA","742","NO"
"qeo","MouseInc","1969-13-27","Consumer Cyclical","USA","288","NO"
"qvo","ToshibaEnterprise","1975-7-30","Industrials","Germany","507","YES"
"yyrv","MirrowCorporation","1901-11-17","Energy","Japan","160","YES"
"iqjbs","MindalCorporation","1933-7-9","Industrials","UK","591","NO"
"ivtge","VoxHolder","1931-2-6","Healtcare","Germany","497","NO"
"kdef","AlalaneHost","1959-7-14","Industrials","Russia","343","NO"
"sueaw","MirrowHolder","1924-2-14","Healtcare","UK","662","YES"
"vuaqf","OrangeCompany","2020-12-26","Technology","USA","918","NO"
"xxa","NickelCorporation","1920-9-4","Consumer Cyclical","France","180","NO"
"qrkxcs","AsusEnterprise","1913-10-12","Energy","Japan","719","NO"
"iclmph","SamsungCorporation","1950-4-9","Financial","Russia","226","YES"
"tmze","AlalaneGalactic","2003-8-14","Technology","France","658","YES"
"znga","LukoilGalactic","1974-4-29","Financial","China","70","NO"
"qrgu","NVIDIAEnterprise","1906-13-18","CommunicationServices","Japan","590","NO"
"hlwa","AdidasHolder","2002-11-25","Technology","Italy","503","YES"
"dekhr","AppleCompany","2010-4-20","Materials","Italy","409","NO"
"efkocm","NikeCompany","1950-3-23","Materials","UK","585","NO"
"mhq","PalantirHolder","1980-6-30","Energy","Italy","202","NO"
"npu","AcerInc","2003-9-5","Energy","Italy","928","NO"
"ilwan","MeuzauGalactic","1949-9-6","Technology","UK","949","YES"
"wdha","AdidasCorporation","1962-2-25","Consumer Cyclical","France","520","NO"
"nxou","MouseHost","1942-6-9","Energy","Italy","296","NO"
"zgeb","HPEmpire","1993-8-25","Healtcare","USA","630","NO"
"spvm","ToshibaEnterprise","1979-10-12","Semiconductors","UK","13","YES"
"oyk","AsusCompany","2007-2-29","Energy","Italy","438","YES"
"ndkw","AmazonHolder","1919-7-32","Industrials","USA","796","NO"
"jtkpvj","HPHolder","1999-9-6","Semiconductors","USA","767","YES"
"ret","JuiceEnterprise","1932-4-26","Materials","China","871","NO"
"jgtym","MirrowEnterprise","1999-12-17","Healtcare","China","589","NO"
"ilgz","PalantirEnterprise","2010-5-10","Semiconductors","UK","179","NO"
"toc","KFCEmpire","1911-13-1","Semiconductors","USA","425","YES"
"twyzmv","PapitaEnterprise","1955-5-22","Healtcare","China","339","NO"
"kvbj","BurgerKingHost","1956-13-18","CommunicationServices","France","414","NO"
"lwybk","AppleEnterprise","1984-7-19","Semiconductors","Germany","560","NO"
"wqqnwj","MarshalEnterprise","1968-11-30","Semiconductors","France","710","YES"
"tcpw","AsusEnterprise","1986-1-22","Technology","Italy","907","YES"
"dkn","AmazonEnterprise","1989-7-20","Technology","UK","270","NO"
"pflh","PapitaCompany","2010-3-28","Technology","Italy","208","NO"
"osmr","BOSCHHost","1920-1-9","Materials","USA","64","NO"
"msun","AcerHolder","1958-5-28","CommunicationServices","China","772","YES"
"byuxq","MarshalInc","1954-4-28","Materials","Germany","246","YES"
"agrzn","NickelCorporation","1966-13-16","Semiconductors","Japan","450","YES"
"zeh","AMDEnterprise","1903-8-14","Healtcare","France","959","YES"
"ilmf","AppleInc","1922-10-22","Consumer Cyclical","Italy","850","YES"
"crz","ToshibaCompany","2011-5-17","Healtcare","USA","25","NO"
"jhlq","BOSCHCompany","1933-13-7","Technology","USA","917","NO"
"xzgk","SimonEnterprise","1980-7-10","Industrials","Germany","126","YES"
"ewclf","AppleCompany","1928-12-21","Financial","France","775","NO"
"bro","VirginCorporation","1983-12-32","Materials","China","913","YES"
"vni","AmazonCorporation","1958-5-3","Consumer Cyclical","China","131","NO"
"qnud","MaximEmpire","1933-8-11","Financial","Germany","494","YES"
"qlflb","KFCHost","1965-3-11","Consumer Cyclical","Germany","483","YES"
"tcw","BurgerKingHolder","1995-4-9","Healtcare","China","605","NO"
"cudd","AmazonGalactic","1926-6-5","Materials","Germany","313","NO"
"hbmld","AcerEmpire","1909-7-19","CommunicationServices","USA","522","YES"
"qkl","McDonaldsHost","2006-8-3","Technology","Germany","74","YES"
"ytqql","AsusEmpire","1907-13-14","Materials","China","207","NO"
"qjli","MaximCorporation","1926-1-21","Energy","Russia","154","NO"
"bus","ToshibaGalactic","2006-7-14","Consumer Cyclical","USA","395","YES"
"gbnkq","SimonEnterprise","1984-9-20","Consumer Cyclical","Russia","197","YES"
"starbx","ToshibaGalactic","1917-7-6","Technology","France","453","NO"
"anpmw","NVIDIAHost","1982-1-4","Energy","France","831","YES"
"fef","MarshalEmpire","1942-11-12","Consumer Cyclical","Russia","530","YES"
"qiji","ToshibaInc","2018-2-29","Industrials","France","914","NO"
"jywbd","OrangeCorporation","1933-5-10","Semiconductors","UK","150","YES"
"jsq","SamsungCompany","1923-1-2","Energy","Russia","170","YES"
"nkmx","HospitalCompany","2000-6-9","Technology","UK","161","YES"
"lmzzy","VoxHost","1943-7-20","Energy","France","969","NO"
"oef","AsusInc","1902-1-25","Financial","China","172","NO"
"jpmt","TeslaGalactic","1944-8-11","Industrials","France","277","NO"
"ism","HuntingtonEnterprise","1992-5-1","Technology","Russia","136","NO"
"lsrirs","PapitaEmpire","1952-10-28","Industrials","Germany","696","YES"
"mazy","HospitalEnterprise","1989-7-2","Consumer Cyclical","France","487","NO"
"fxwagx","AdidasGalactic","1976-4-14","Healtcare","France","376","NO"
"ctqqck","NikeCompany","1965-7-8","Semiconductors","USA","555","NO"
"fpsbf","AcerGalactic","1921-5-24","CommunicationServices","Japan","895","NO"
"ooog","LukoilHost","1998-8-10","Energy","UK","342","NO"
"wqpv","MindalHost","1996-4-3","CommunicationServices","Italy","550","NO"
"keggkf","AdidasCorporation","1917-10-22","Consumer Cyclical","China","439","YES"
"aeo","AdidasCorporation","1981-2-22","CommunicationServices","USA","97","YES"
"sax","McDonaldsInc","2005-3-6","Industrials","USA","532","YES"
"oeayw","NVIDIAGalactic","1986-10-5","Semiconductors","France","178","NO"
"oie","NLTCorporation","1911-10-20","Technology","USA","664","NO"
"ipmor","NikeCompany","2019-9-4","CommunicationServices","Japan","644","YES"
"otrf","OrangeCorporation","1969-3-32","Financial","Japan","869","NO"
"edjqu","HospitalGalactic","1985-2-17","Energy","Germany","102","NO"
"ktfr","AsusHolder","1930-12-29","CommunicationServices","Germany","791","NO"
"mhrocy","PapitaInc","1915-13-24","Consumer Cyclical","Japan","66","YES"
"loyaa","HuntingtonGalactic","1964-2-19","Financial","Japan","391","NO"
"gfbbtl","AMDHost","1916-8-11","Technology","China","156","YES"
"sofdh","VoxHost","2002-8-3","Materials","UK","388","NO"
"jsnwfg","NVIDIAInc","1954-9-2","Technology","Germany","476","YES"
"zmh","VirginInc","1983-5-29","Technology","Germany","803","NO"
"brw","VoxCorporation","1986-11-17","Consumer Cyclical","France","896","NO"
"wpq","KFCInc","1956-7-31","Industrials","Russia","142","NO"
"rzr","SberBankCorporation","2009-8-17","Healtcare","Germany","967","YES"
"oygye","AlalaneGalactic","2001-7-26","Energy","Russia","989","YES"
"oqcvx","SamsungInc","2008-13-7","Materials","Italy","205","NO"
"enqn","McDonaldsHolder","1921-10-16","Technology","USA","940","YES"
"dndtl","VoxEnterprise","2001-11-2","Materials","USA","629","YES"
"xsjnp","NikeHost","1980-13-31","Semiconductors","France","145","YES"
"jsqs","JuiceCorporation","1916-11-28","Semiconductors","Germany","847","NO"
"grjduy","AmazonCompany","1982-12-31","Technology","Japan","876","YES"
"yxl","HuntingtonCompany","1985-6-3","Healtcare","Germany","112","NO"
"ccxqks","NickelCorporation","2017-13-24","Consumer Cyclical","China","309","NO"
"drz","AMDCorporation","1923-12-32","Technology","USA","116","YES"
"qesplo","McDonaldsCompany","1966-2-21","CommunicationServices","France","2","YES"
"omkn","MouseEnterprise","1916-3-28","CommunicationServices","France","363","YES"
"vmloms","McDonaldsEmpire","1929-1-9","Financial","Japan","484","NO"
"cth","OrangeCorporation","1922-4-23","Financial","Italy","992","NO"
"nww","NickelInc","1957-12-18","Semiconductors","USA","802","NO"
"rodiii","VirginEmpire","1911-11-21","Energy","Russia","166","NO"
"vvh","NikeEmpire","1969-6-16","Technology","Japan","712","NO"
"olobyc","PalantirInc","2000-9-29","Consumer Cyclical","UK","158","NO"
"focqqb","OrangeEmpire","1992-4-23","Materials","Germany","859","YES"
"fas","PapitaHolder","1938-1-24","Healtcare","Italy","469","NO"
"yesigy","SberBankGalactic","1998-9-15","Industrials","UK","311","YES"
"klvwpj","MouseEmpire","1942-13-5","Technology","UK","375","YES"
"qibws","TeslaCompany","1969-3-23","Industrials","Russia","700","NO"
"ssabd","PapitaEmpire","2004-11-23","CommunicationServices","China","27","YES"
"xap","AsusEmpire","1917-3-16","Energy","Italy","768","NO"
"oduax","NVIDIACompany","1977-4-14","Technology","Italy","195","NO"
"tmhztk","AdidasCorporation","1970-3-17","Financial","UK","265","NO"
"cmoo","TeslaInc","2014-9-8","Consumer Cyclical","Russia","440","YES"
"xce","ReebolInc","2013-7-20","Healtcare","Japan","800","YES"
"pduufl","MeuzauEmpire","2020-1-8","Financial","China","617","NO"
"srj","PapitaHolder","1950-2-26","CommunicationServices","USA","249","YES"
"yeom","TeslaEmpire","1997-9-8","Semiconductors","USA","698","NO"
"tgkkss","HPEnterprise","1996-4-31","Materials","Germany","253","YES"
"qjwbna","NikeEnterprise","1923-13-30","Industrials","Japan","858","YES"
"eqsttk","VoxHolder","1946-1-11","Consumer Cyclical","China","607","NO"
"baa","AdidasCorporation","2018-8-28","Consumer Cyclical","China","368","YES"
"jesyne","MaximCompany","1925-10-8","Healtcare","Italy","723","YES"
"srw","MaximEnterprise","1925-5-4","CommunicationServices","Germany","378","YES"
"manmy","NickelInc","1914-12-30","Industrials","Italy","839","YES"
"dmxau","PalantirInc","1969-12-6","Semiconductors","Japan","412","NO"
"wlb","NVIDIAHost","1921-9-14","Healtcare","Japan","543","YES"
"ufndns","AMDHolder","2019-11-14","Materials","Germany","739","YES"
"xhoek","SberBankInc","1943-8-22","Materials","Germany","372","YES"
"jld","HuntingtonGalactic","2005-2-11","Consumer Cyclical","Japan","690","YES"
"urpk","MindalCompany","1952-3-14","Semiconductors","France","5","YES"
"xde","BOSCHHost","1909-10-13","Healtcare","UK","369","YES"
"uffqx","MindalEnterprise","1986-1-15","Industrials","France","898","YES"
"gzyfd","PapitaEmpire","2019-10-4","Healtcare","UK","863","YES"
"byxt","NickelCorporation","1995-1-25","Consumer Cyclical","USA","648","NO"
"uadg","MirrowHolder","1956-6-19","Technology","Russia","835","NO"
"jindy","MicrosoftEmpire","1982-10-26","Materials","Italy","4","YES"
"uhxjab","OrangeCorporation","2006-4-30","Financial","Germany","809","NO"
"iwfiaj","HuntingtonInc","2012-5-17","Healtcare","France","510","YES"
"upkgak","HuntingtonHost","2011-7-30","Energy","Germany","505","YES"
"puxqdf","MirrowCorporation","1954-10-32","Healtcare","Russia","622","NO"
"vgtw","OrangeCompany","1943-11-10","Materials","Japan","382","YES"
"uqoff","NikeHost","1945-1-7","Consumer Cyclical","France","107","YES"
"riezsi","AppleHolder","1987-11-4","Industrials","Japan","821","NO"
"iwnw","PalantirEmpire","1911-2-26","Industrials","France","686","NO"
"xyfbk","MirrowInc","1970-3-30","Consumer Cyclical","Japan","35","YES"
"szope","SberBankHolder","1906-7-25","Financial","UK","864","NO"
"tqdhpw","JuiceCorporation","2021-4-18","CommunicationServices","Japan","609","NO"
"qrz","VirginEnterprise","1961-13-6","Consumer Cyclical","China","272","NO"
"kqmx","MouseHost","1936-4-29","Semiconductors","Japan","699","NO"
"gpvhx","HPGalactic","1989-3-24","Semiconductors","France","977","NO"
"znkcm","AcerEmpire","1924-7-4","Industrials","UK","169","YES"
"rlp","SimonHolder","1983-3-19","Technology","China","594","NO"
"xuaky","PapitaHolder","1998-8-22","Materials","Germany","645","NO"
"kya","AmazonGalactic","1927-5-13","Materials","UK","729","NO"
"tfodtl","AppleGalactic","1947-8-15","Healtcare","Japan","685","NO"
"hekbo","NickelEmpire","2008-4-11","Consumer Cyclical","USA","554","NO"
"aefdh","PalantirHolder","1971-1-13","Consumer Cyclical","Japan","891","NO"
"lfljp","MeuzauCorporation","1970-13-29","Technology","France","930","YES"
"tuatsc","JuiceCorporation","1976-1-6","Industrials","Russia","659","NO"
"kiwn","PalantirHolder","2019-6-22","Energy","Japan","881","NO"
"uzy","MicrosoftHolder","1974-4-20","Energy","UK","12","YES"
"vnvi","SimonEnterprise","2003-11-26","Consumer Cyclical","China","627","YES"
"vmcj","ReebolGalactic","1910-5-17","Industrials","Russia","784","YES"
"lewfa","PapitaEmpire","1983-3-25","Energy","Russia","26","YES"
"vqr","AMDEnterprise","1948-6-16","CommunicationServices","UK","717","NO"
"bsysk","MindalCompany","2011-9-14","Healtcare","Japan","834","YES"
"asatrx","HuntingtonEnterprise","1944-12-3","CommunicationServices","Japan","711","NO"
"bgqjh","AcerHolder","1918-1-15","Industrials","China","405","YES"
"nmeax","AmazonGalactic","1980-5-18","Financial","China","98","NO"
"jmag","MicrosoftEmpire","2001-11-7","Industrials","UK","72","NO"
"mvawn","AppleCompany","1955-3-29","Industrials","Italy","341","YES"
"lgf","McDonaldsCorporation","1939-11-27","CommunicationServices","Russia","655","NO"
"vqw","MindalCorporation","1990-10-28","Healtcare","China","445","NO"
"huxll","KFCCorporation","1946-9-18","Materials","UK","9","NO"
"lbmohz","NikeHost","2012-11-13","Financial","China","89","NO"
"aowgs","AcerHolder","1973-11-21","Healtcare","USA","735","YES"
"tonm","HospitalCorporation","1987-6-14","Materials","France","618","YES"
"vrnioe","SimonGalactic","1904-4-7","Energy","Russia","687","YES"
"xqi","TeslaHost","1997-12-2","Materials","China","257","YES"
"eplmfz","MeuzauEmpire","1943-12-25","Consumer Cyclical","Japan","763","NO"
"zedxu","TeslaInc","1920-12-18","Industrials","Russia","256","NO"
"amlk","PapitaHost","1910-6-11","Materials","USA","635","NO"
"ifk","NLTHost","1975-12-25","Financial","Italy","490","NO"
"wfiyu","MirrowInc","1992-1-31","Energy","China","377","YES"
"lvt","NLTHolder","1971-9-1","Energy","UK","588","NO"
"zgttw","AmazonHost","1929-8-1","Energy","Russia","220","NO"
"prntap","NickelHolder","1929-9-29","Healtcare","Germany","221","YES"
"fyf","KFCHolder","1942-4-6","Financial","Japan","680","YES"
"mno","MeuzauHost","1983-11-13","Energy","USA","519","YES"
"kqryw","NikeCompany","1958-2-12","Consumer Cyclical","Germany","740","YES"
"zmotwl","AcerHost","1984-5-32","Semiconductors","Russia","238","YES"
"iap","McDonaldsCompany","1910-11-2","Energy","Germany","787","YES"
"rit","MouseHolder","1911-3-5","Consumer Cyclical","France","271","YES"
"hxohd","KFCHost","1924-10-16","Energy","Russia","18","YES"
"shy","ReebolInc","2011-1-7","Industrials","UK","477","NO"
"tprl","BurgerKingGalactic","1903-8-21","Industrials","UK","141","NO"
"thynm","AppleInc","1902-1-26","Industrials","France","219","NO"
"sll","MarshalInc","1984-8-18","Financial","USA","416","NO"
"zllklw","NikeCorporation","1962-13-23","Consumer Cyclical","Russia","138","NO"
"avavmp","PalantirInc","1954-11-25","Materials","Japan","424","NO"
"ose","SberBankEmpire","1951-8-1","Consumer Cyclical","USA","676","NO"
"yahtnk","NVIDIACompany","2020-3-29","Energy","Germany","114","NO"
"svoy","AmazonEmpire","1938-11-9","Technology","USA","157","YES"
"ojyto","ToshibaHost","1984-8-13","CommunicationServices","UK","628","YES"
"jloz","SberBankEmpire","2021-4-20","CommunicationServices","Italy","211","NO"
"ubwlq","AcerInc","2011-7-11","Financial","Russia","337","NO"
"sng","AdidasInc","1912-8-1","Healtcare","Russia","165","NO"
"wqrjxs","TeslaHolder","1961-5-18","CommunicationServices","Japan","224","YES"
"vnvzv","VoxEmpire","1985-10-24","CommunicationServices","China","631","YES"
"inhu","SberBankHolder","1972-3-14","Energy","USA","660","NO"
"mua","OrangeEmpire","2015-9-25","Semiconductors","Germany","569","NO"
"ddj","HPHost","2012-12-15","Technology","France","745","YES"
"etww","SamsungEmpire","1927-2-17","Materials","Russia","761","NO"
"ccry","BurgerKingEmpire","1919-3-32","Materials","UK","203","NO"
"ngd","HuntingtonEnterprise","2006-9-29","Technology","France","934","YES"
"exhj","TeslaCompany","1983-2-4","CommunicationServices","Russia","14","NO"
"kwur","OrangeEmpire","2000-11-10","Materials","Italy","603","NO"
"toktt","MicrosoftInc","2004-3-14","Technology","USA","373","YES"
"bmcclv","MarshalHost","1915-10-4","Energy","Russia","437","NO"
"jgl","SimonEnterprise","1950-9-2","CommunicationServices","Germany","488","YES"
"raqau","AppleEnterprise","1917-12-10","Energy","Russia","408","YES"
"ujt","VoxGalactic","1938-12-14","Industrials","Italy","181","NO"
"rgfm","MaximHost","1979-8-29","Semiconductors","Germany","939","NO"
"whmnia","AppleGalactic","1907-13-17","Healtcare","Germany","148","NO"
"lsjsj","AlalaneEnterprise","1960-12-20","CommunicationServices","France","399","YES"
"ckio","LukoilCorporation","1953-4-16","Energy","Russia","890","NO"
"jsskw","HuntingtonCompany","1931-10-20","Financial","Germany","175","YES"
"dxjpm","OrangeEnterprise","1926-12-2","Technology","Germany","289","NO"
"nerpme","AmazonEnterprise","1912-7-27","CommunicationServices","China","479","YES"
"gvu","VirginCompany","1930-10-28","Semiconductors","Japan","845","YES"
"itdzmq","HospitalEmpire","2020-2-12","Healtcare","France","612","NO"
"bqh","PalantirCompany","1992-6-7","Technology","Russia","904","YES"
"syd","ReebolCorporation","1977-9-30","CommunicationServices","France","267","YES"
"tugcp","BurgerKingInc","1936-11-4","Semiconductors","Italy","744","YES"
"gqovsj","HuntingtonCorporation","1915-6-14","Consumer Cyclical","Germany","321","NO"
"nnrdt","VirginCorporation","1919-2-28","Healtcare","UK","174","NO"
"bufm","AppleEnterprise","2010-13-28","Healtcare","Italy","447","NO"
"vfssdo","AcerHolder","1937-13-6","Consumer Cyclical","France","17","NO"
"nemjp","OrangeHolder","1967-2-20","Technology","Japan","592","NO"
"wvalm","AdidasInc","1950-7-19","Healtcare","Japan","933","NO"
"vzuwa","HuntingtonHolder","1999-8-11","Energy","Russia","432","YES"
"fysl","MindalHolder","1922-4-10","Semiconductors","Japan","120","YES"
"xfahg","VoxEnterprise","1965-5-6","Consumer Cyclical","China","954","YES"
"wqdi","HPEmpire","1952-2-18","CommunicationServices","Germany","430","YES"
"pyenvx","MarshalGalactic","1948-11-10","Consumer Cyclical","Russia","855","YES"
"giqt","MouseCorporation","1921-2-4","Semiconductors","China","516","YES"
"owmv","MirrowGalactic","2019-9-16","Materials","Russia","401","YES"
"awkgl","OrangeEmpire","1901-3-21","Industrials","USA","462","YES"
"cbgze","NLTEmpire","1922-4-22","Materials","China","813","YES"
"avefc","ReebolEmpire","1972-10-23","Materials","France","721","YES"
"vndixs","HuntingtonInc","1922-3-13","Industrials","UK","526","NO"
"toh","OrangeCorporation","1966-3-1","Industrials","USA","567","NO"
"dnfci","McDonaldsHost","1965-7-24","Industrials","France","905","YES"
"axdv","SimonEnterprise","1980-5-1","Semiconductors","France","394","NO"
"brqja","HPInc","2007-1-9","Consumer Cyclical","France","817","YES"
"qug","AppleEmpire","2015-3-30","Industrials","UK","574","YES"
"leqq","NLTCorporation","1962-11-23","Financial","Japan","385","NO"
"rrw","PalantirCompany","1996-4-29","Technology","Japan","571","NO"
"cgd","MaximEnterprise","2006-9-25","Consumer Cyclical","Russia","810","NO"
"ubbvgr","HospitalCompany","1964-3-25","Technology","Russia","115","YES"
"awdd","BOSCHInc","1961-11-5","Financial","Germany","361","NO"
"smdml","PalantirInc","1908-8-23","Financial","USA","364","NO"
"bsg","MouseEnterprise","1902-7-16","Consumer Cyclical","USA","422","YES"
"gja","AcerEnterprise","1925-11-24","Industrials","Japan","736","NO"
"nbpilt","NickelInc","1960-11-12","Healtcare","Germany","797","YES"
"ysjmxs","MirrowGalactic","1925-2-23","Materials","Germany","463","YES"
"ehi","ToshibaCorporation","1994-7-29","Semiconductors","Germany","738","YES"
"qkhmod","SimonInc","1940-6-18","Materials","UK","697","NO"
"jstdq","SimonCompany","1917-13-27","Technology","USA","40","NO"
"dalqr","ReebolHost","1974-8-21","Semiconductors","Italy","833","YES"
"sgvg","NikeGalactic","2017-11-15","Consumer Cyclical","France","877","NO"
"oyg","BurgerKingEmpire","1908-12-21","Industrials","UK","58","YES"
"heldv","McDonaldsGalactic","1941-13-13","Financial","Japan","606","NO"
"wvql","HuntingtonGalactic","1902-10-9","Materials","Japan","551","NO"
"faeyhz","VirginInc","1924-1-4","CommunicationServices","France","998","NO"
"oslfj","SimonCompany","1951-13-19","Semiconductors","Japan","315","NO"
"mit","AdidasHost","1988-11-23","Technology","UK","91","NO"
"czkys","SimonGalactic","1920-6-7","Industrials","Japan","981","NO"
"olfj","MindalCompany","1980-3-22","Technology","Russia","584","NO"
"pyo","AdidasHolder","1988-2-2","CommunicationServices","Germany","937","YES"
"pqj","SimonCompany","1975-5-10","CommunicationServices","China","602","YES"
"rymmhb","NickelHost","1903-6-23","Semiconductors","Germany","920","NO"
"pxhgb","NLTGalactic","1942-11-25","CommunicationServices","Russia","879","NO"
"egcwaz","MarshalInc","1996-10-26","Financial","Japan","764","NO"
"ugxk","NVIDIAGalactic","2005-11-26","Semiconductors","USA","808","NO"
"lsfu","NVIDIAHolder","1923-5-16","Financial","Germany","842","NO"
"mgoj","SimonGalactic","1976-4-22","Industrials","France","279","YES"
"ffk","AcerHost","1958-3-10","Technology","USA","893","NO"
"stekz","HuntingtonCorporation","1929-4-8","Financial","Japan","413","NO"
"zdg","LukoilEmpire","1987-8-23","Industrials","Germany","444","NO"
"ccewpu","MicrosoftCorporation","1961-11-20","Technology","Japan","493","NO"
"sutqhl","NickelHost","1907-2-14","Financial","China","362","YES"
"lxg","MeuzauEmpire","1979-12-30","Industrials","UK","785","YES"
"bbv","McDonaldsEmpire","1906-1-2","CommunicationServices","USA","626","YES"
"ezicms","McDonaldsCompany","1906-12-1","Materials","France","997","YES"
"vrax","AlalaneInc","2009-9-23","Technology","Italy","637","YES"
"sgkjc","SimonCorporation","2008-12-22","Semiconductors","France","67","NO"
"npvlmn","KFCCompany","1979-5-26","Financial","China","223","NO"
"ydh","MicrosoftCorporation","1958-9-12","Healtcare","Japan","358","NO"
"wxxttk","VoxHolder","2013-10-26","Financial","UK","812","NO"
"lij","KFCEnterprise","1927-4-22","Energy","Russia","42","NO"
"pnppjo","AMDCorporation","1953-13-5","Consumer Cyclical","Italy","634","NO"
"xmg","AsusHolder","1954-7-23","Energy","France","108","NO"
"vczi","PalantirHolder","1956-8-7","Energy","France","99","NO"
"oyyc","KFCHost","1965-5-22","Materials","UK","945","NO"
"xjw","KFCInc","1908-4-9","Consumer Cyclical","USA","747","YES"
"oachn","VoxEmpire","1914-9-27","Industrials","China","371","NO"
"eow","AMDCompany","1999-11-17","Semiconductors","Japan","16","NO"
"pgobk","MaximInc","1941-11-22","Consumer Cyclical","Germany","461","YES"
"vrujub","MindalHost","1909-12-32","CommunicationServices","Italy","393","YES"
"jpexet","ReebolEmpire","1935-1-17","Energy","USA","826","YES"
"jtil","KFCEnterprise","1931-1-27","Semiconductors","France","65","YES"
"qyni","MouseInc","1930-4-32","Technology","USA","52","YES"
"livi","NickelInc","1985-4-1","Technology","UK","665","NO"
"ucgqi","AppleGalactic","1936-11-28","Healtcare","UK","952","YES"
"ujn","ToshibaGalactic","1994-1-21","Financial","Germany","164","NO"
"glj","AsusGalactic","1949-9-2","Industrials","Japan","971","NO"
"euqo","AdidasHolder","1989-3-20","Healtcare","Japan","501","YES"
"pbsm","TeslaCorporation","1910-10-1","Energy","China","140","YES"
"nrncc","ReebolCorporation","1915-10-29","CommunicationServices","Japan","151","YES"
"xwpcsf","OrangeEnterprise","1936-10-4","Healtcare","Germany","559","NO"
"oqk","AcerInc","2012-4-1","Healtcare","USA","958","YES"
"xdc","AsusEnterprise","2020-12-31","Financial","Italy","751","YES"
"qafemy","McDonaldsHolder","1987-8-14","Industrials","USA","239","YES"
"qmwo","AdidasEmpire","1976-6-6","Technology","Japan","209","YES"
"bwbyx","HuntingtonCorporation","1956-8-16","Healtcare","Russia","756","NO"
"sbqf","SberBankInc","1978-3-16","Materials","USA","999","YES"
"eft","AlalaneEnterprise","2003-8-31","Industrials","China","76","NO"
"zookks","MaximInc","1956-13-18","Healtcare","Germany","724","NO"
"scubp","AlalaneCorporation","1906-8-23","Consumer Cyclical","UK","324","YES"
"agl","LukoilCompany","1981-10-24","Energy","Russia","715","NO"
"iuia","OrangeCompany","1986-10-1","Energy","Japan","384","YES"
"ume","NickelEmpire","1958-9-20","Consumer Cyclical","UK","956","NO"
"nce","AMDInc","1904-12-30","Energy","France","93","YES"
"ltmx","PalantirHost","1964-10-9","Financial","China","310","NO"
"nawo","AlalaneCompany","1991-5-16","Semiconductors","France","229","NO"
"qgd","MindalInc","1971-3-15","Consumer Cyclical","UK","912","NO"
"piu","JuiceCorporation","1904-9-23","CommunicationServices","Germany","455","NO"
"kcble","SimonHolder","2018-6-2","Consumer Cyclical","Japan","843","YES"
"dfodqg","SamsungEnterprise","1993-12-16","CommunicationServices","Russia","56","YES"
"chyf","SberBankEnterprise","1953-3-13","Technology","Japan","677","YES"
"vlup","TeslaHost","1988-12-7","Industrials","UK","29","YES"
"vve","OrangeHost","2006-2-6","Energy","France","20","NO"
"kusoiz","MirrowHost","1956-13-14","Healtcare","Japan","746","YES"
"naurq","JuiceEmpire","1954-4-20","Materials","Japan","264","YES"
"kghjh","AmazonCompany","1922-4-31","CommunicationServices","Germany","8","YES"
"yzkf","MindalEmpire","1964-5-2","Energy","China","583","NO"
"ufivsz","JuiceHolder","1980-9-13","Industrials","Japan","294","NO"
"lgbbyy","BOSCHCompany","1996-6-16","Semiconductors","UK","533","NO"
"hixy","LukoilCorporation","1927-11-14","Energy","UK","542","NO"
"jlwd","HPHost","1943-5-17","Healtcare","Russia","402","NO"
"duvap","MeuzauEmpire","2021-10-5","Industrials","Russia","231","NO"
"wgg","MeuzauGalactic","1991-4-12","Financial","Russia","182","YES"
"hckdn","MindalCorporation","1945-12-30","CommunicationServices","Japan","536","YES"
"ftqs","AppleEnterprise","1916-3-19","Healtcare","France","873","NO"
"phiqxn","AppleHost","1924-3-3","CommunicationServices","UK","546","NO"
"uybbjv","HospitalInc","1902-3-18","Semiconductors","Germany","573","YES"
"yhnt","MaximEnterprise","2009-6-9","CommunicationServices","UK","110","YES"
"nqykw","AmazonGalactic","1960-2-30","Healtcare","UK","708","NO"
"kikb","BOSCHEnterprise","2019-4-25","Materials","China","807","YES"
"kuf","AmazonHost","1965-12-2","Materials","Germany","421","NO"
"evp","SberBankCorporation","1944-7-1","Materials","USA","669","YES"
"gcg","NVIDIAInc","1914-6-32","Semiconductors","China","518","YES"
"lzdkz","SberBankEmpire","1961-4-22","Financial","USA","80","NO"
"gso","AppleCorporation","1915-5-25","Materials","France","194","NO"
"qij","AmazonCorporation","1936-8-6","CommunicationServices","UK","234","NO"
"mxs","HuntingtonHolder","1913-11-27","Semiconductors","Italy","596","YES"
"ijxp","VirginHolder","1931-1-14","Healtcare","USA","874","NO"
"bko","McDonaldsCorporation","1983-10-23","CommunicationServices","Italy","427","NO"
"lgkwg","AcerEmpire","1948-4-19","Healtcare","France","801","NO"
"oheyza","HPEnterprise","1900-7-27","CommunicationServices","USA","968","NO"
"dvmmo","BOSCHCorporation","1994-13-4","Financial","France","636","NO"
"vfv","ReebolEmpire","1938-12-11","Energy","Italy","255","YES"
"nhcdcr","VoxInc","1999-1-26","Consumer Cyclical","UK","570","YES"
"vuh","MeuzauHost","1911-9-27","Materials","Japan","217","NO"
"xgsfz","AlalaneHolder","1975-3-5","CommunicationServices","China","303","NO"
"psh","MouseHolder","1995-11-23","Energy","France","218","NO"
"jhgu","McDonaldsHolder","1904-3-22","Semiconductors","Italy","878","YES"
"ieoca","VirginEmpire","1939-4-7","Financial","France","109","YES"
"kxmwl","BurgerKingEnterprise","1923-1-14","CommunicationServices","UK","43","YES"
"nttl","MicrosoftGalactic","1904-11-22","Financial","UK","250","NO"
"xim","MeuzauGalactic","1988-7-15","Semiconductors","UK","854","NO"
"ydbrr","AcerGalactic","1955-5-20","Healtcare","Russia","929","NO"
"oagcuq","LukoilCompany","2008-4-23","Materials","Japan","129","NO"
"vifpy","MeuzauCompany","1918-5-2","Financial","Germany","201","YES"
"kdsw","AmazonCorporation","1936-7-14","Energy","Russia","307","NO"
"inqe","PalantirEnterprise","2001-6-6","Energy","Russia","418","YES"
"paiii","PapitaInc","1907-10-13","CommunicationServices","Italy","298","NO"
"jmlo","VoxEnterprise","1914-11-15","Energy","France","706","NO"
"qdea","AsusInc","1947-5-7","Semiconductors","UK","263","NO"
"geeo","MindalInc","1964-3-30","Materials","Russia","614","NO"
"goirbl","SberBankHolder","1925-9-26","Semiconductors","Japan","236","YES"
"qpkib","MicrosoftInc","1925-13-21","Technology","Russia","702","NO"
"uusa","NVIDIAInc","1901-9-20","Consumer Cyclical","China","44","NO"
"bnwtsu","OrangeHost","2005-9-10","Industrials","Russia","398","NO"
"qelw","VoxCorporation","1922-3-11","Consumer Cyclical","UK","24","YES"
"zmfg","LukoilInc","1922-11-9","Materials","China","870","YES"
"cejcxj","SberBankHolder","1987-3-32","Financial","Germany","829","NO"
"fms","KFCCompany","1963-10-30","Energy","Japan","302","YES"
"qdqxvw","AdidasHolder","1963-9-19","Semiconductors","UK","623","NO"
"kuzqpw","AsusCorporation","2021-1-31","Materials","Germany","653","YES"
"xic","VoxCompany","1944-6-11","Consumer Cyclical","China","281","NO"
"hwpjgt","LukoilHost","2017-7-22","Industrials","UK","760","YES"
"hagi","AcerEmpire","1980-10-5","Technology","Italy","755","YES"
"nagr","HospitalEnterprise","1951-11-3","Semiconductors","France","578","YES"
"dtls","AmazonEmpire","2011-3-25","Consumer Cyclical","Russia","865","YES"
"mghlwb","MouseEmpire","1934-9-23","CommunicationServices","USA","919","NO"
"wzh","MirrowCorporation","1957-11-11","Financial","USA","714","NO"
"cbqfjj","JuiceEnterprise","1908-9-25","Materials","Russia","604","YES"
"kri","AcerEmpire","1999-7-32","Industrials","Russia","415","NO"
"kwg","KFCHost","1987-4-2","CommunicationServices","Russia","754","YES"
"cxlbsc","JuiceCorporation","1979-9-22","Consumer Cyclical","Japan","347","NO"
"sgaxxk","NLTEmpire","1958-6-19","Financial","Germany","441","NO"
"qpueno","McDonaldsCorporation","1954-6-18","Energy","Italy","71","YES"
"rno","KFCCompany","1930-8-2","Semiconductors","Japan","291","YES"
"pdsy","LukoilCorporation","1939-8-11","Semiconductors","Russia","576","NO"
