"Jorge","71","1921-6-21","F","Japan","177"
"Maria","83","1902-4-12","M","France","704"
"Ksenia","79","2005-1-19","F","Italy","598"
"Maria","84","1909-6-16","F","Germany","794"
"Alina","42","1913-3-27","M","China","142"
"Anton","67","2009-6-4","F","USA","808"
"Jorge","58","1936-1-3","F","China","510"
"Jorge","67","1919-8-15","M","France","6"
"Alina","55","1941-7-23","F","France","68"
"Ksenia","42","1931-3-31","F","Russia","377"
"Pavel","45","2014-3-6","M","China","22"
"Jorge","21","1935-3-26","F","Russia","844"
"Jonh","28","1963-10-6","M","France","946"
"Igor","40","1990-1-15","F","Germany","884"
"Ksenia","92","1962-10-24","M","China","589"
"Pavel","78","1927-11-9","F","France","329"
"Alina","27","1929-13-7","F","USA","566"
"Vitalik","85","1969-8-5","F","Japan","297"
"Pavel","18","1970-13-16","M","USA","252"
"Jorge","26","1909-13-17","M","Germany","128"
"Ivan","75","1972-10-16","F","Russia","554"
"Alina","27","1977-4-18","F","Germany","653"
"Alina","59","1956-7-11","F","Germany","183"
"Vitalik","21","1990-11-3","M","UK","710"
"Igor","65","2010-5-15","F","Germany","555"
"Maria","25","1942-5-8","M","Japan","449"
"Jonh","84","1983-1-6","F","France","579"
"Anton","44","1996-2-21","M","Italy","383"
"Anton","52","1975-1-25","F","Russia","859"
"Ksenia","27","1935-10-28","F","Germany","29"
"Anton","82","1998-3-24","M","Russia","199"
"Igor","58","1947-6-29","M","USA","421"
"Igor","67","1973-4-19","F","Italy","784"
"Jonh","57","1953-1-30","F","China","446"
"Ivan","62","1951-4-4","M","Japan","576"
"Maria","41","1951-13-18","F","Russia","444"
"Vitalik","27","1930-3-15","M","USA","124"
"Jonh","66","1921-10-3","M","UK","289"
"Anton","82","1972-11-16","M","Italy","182"
"Ksenia","88","1907-11-28","M","Germany","62"
"Jorge","70","1927-5-32","F","Italy","141"
"Maria","37","1964-1-18","F","Japan","227"
"Jonh","58","1912-10-5","M","Germany","482"
"Pavel","81","1991-2-5","M","USA","63"
"Jorge","37","2012-1-7","M","Italy","896"
"Vitalik","52","1986-1-29","F","Russia","700"
"Igor","61","1954-8-27","F","USA","557"
"Jonh","66","1914-8-31","F","Japan","818"
"Ksenia","42","1928-1-29","F","UK","370"
"Jorge","66","1928-9-3","F","Japan","280"
"Jorge","39","2018-7-9","M","USA","278"
"Ksenia","60","2004-11-19","F","USA","215"
"Alina","63","1935-6-31","F","Russia","926"
"Anton","69","1956-2-3","M","Russia","863"
"Maria","77","1988-4-22","F","China","89"
"Anton","50","1983-12-12","M","China","937"
"Jorge","21","1935-5-25","F","Italy","319"
"Maria","31","1924-13-17","F","Russia","964"
"Pavel","67","1952-13-15","F","USA","679"
"Jonh","79","2005-5-17","M","France","389"
"Alina","75","1969-12-15","F","Russia","78"
"Alina","91","2011-1-21","M","UK","65"
"Alina","92","2015-7-8","M","France","454"
"Pavel","84","1905-11-3","M","Japan","266"
"Alina","71","1985-2-20","M","UK","188"
"Alina","50","1931-12-26","M","Russia","249"
"Jorge","77","1932-2-28","M","Japan","304"
"Pavel","23","2006-12-27","F","Russia","677"
"Alina","56","1968-7-20","M","Germany","131"
"Jonh","31","1974-8-6","F","Italy","796"
"Anton","48","2019-3-1","F","USA","739"
"Anton","86","1906-1-2","F","USA","550"
"Jorge","62","2005-8-7","F","Germany","24"
"Jorge","79","1952-2-7","F","Italy","448"
"Pavel","56","1936-8-11","F","France","658"
"Pavel","40","1957-6-7","F","Italy","527"
"Jonh","27","2021-3-12","M","Italy","30"
"Vitalik","84","1968-7-9","M","China","119"
"Ksenia","47","2011-8-27","F","Japan","985"
"Pavel","80","1974-11-15","M","Germany","548"
"Vitalik","29","1974-9-26","M","Italy","792"
"Igor","41","1946-3-18","M","Japan","465"
"Alina","33","1955-9-11","F","Russia","122"
"Ksenia","30","2010-11-20","M","USA","84"
"Vitalik","85","1931-10-2","M","USA","463"
"Maria","92","1931-9-25","F","Russia","741"
"Jorge","67","1907-8-5","F","USA","13"
"Alina","89","1939-9-13","F","Italy","42"
"Alina","78","1958-6-13","F","France","830"
"Vitalik","65","2004-9-10","M","UK","543"
"Jonh","69","1987-13-27","M","UK","602"
"Anton","74","1948-13-16","F","USA","198"
"Jorge","51","1998-3-4","M","USA","666"
"Pavel","32","1940-9-1","M","Germany","404"
"Igor","76","1985-12-24","F","Germany","223"
"Jonh","88","1964-2-29","F","USA","170"
"Alina","85","1999-6-8","F","China","150"
"Igor","43","2004-10-11","M","Germany","397"
"Vitalik","46","2010-5-7","F","Italy","625"
"Ivan","43","1950-12-17","M","France","212"
"Ksenia","24","1915-11-12","M","China","390"
"Alina","54","1923-11-28","F","Germany","593"
"Pavel","47","1982-5-30","F","Japan","893"
"Jorge","56","1961-9-28","F","France","19"
"Alina","74","2001-13-27","F","Italy","460"
"Jorge","54","2003-5-3","M","UK","83"
"Ksenia","52","1935-6-17","F","Italy","474"
"Anton","63","2007-7-28","F","USA","798"
"Alina","48","1986-8-20","M","Russia","466"
"Jonh","68","1932-11-5","F","Russia","988"
"Igor","54","1936-7-5","M","USA","120"
"Ksenia","82","1950-5-9","M","Germany","916"
"Ivan","89","2009-13-4","M","UK","90"
"Vitalik","23","1992-13-19","M","France","38"
"Ivan","50","1938-3-4","M","France","108"
"Jonh","47","1956-1-31","M","Japan","920"
"Jorge","55","2004-12-23","F","USA","774"
"Alina","63","1987-10-12","M","France","695"
"Pavel","69","1996-6-2","F","Italy","470"
"Pavel","86","1925-3-6","M","USA","654"
"Jonh","86","2004-12-22","F","China","349"
"Pavel","67","1980-8-11","M","UK","34"
"Vitalik","74","1910-1-32","M","UK","506"
"Pavel","82","1914-12-31","M","Italy","773"
"Maria","64","1971-8-7","F","Russia","571"
"Anton","25","1968-4-3","M","France","934"
"Jonh","65","1906-11-31","M","China","575"
"Pavel","64","1931-11-17","F","China","367"
"Ivan","47","1939-11-5","M","Germany","697"
"Jorge","35","1999-2-13","M","USA","890"
"Pavel","70","1985-13-7","F","Germany","489"
"Alina","60","1979-12-28","F","France","785"
"Vitalik","72","1961-8-18","F","UK","85"
"Ivan","19","1908-8-29","F","China","582"
"Vitalik","33","1906-3-3","F","Germany","623"
"Igor","73","1918-2-22","M","China","725"
"Vitalik","60","1976-8-12","M","Japan","486"
"Igor","53","1957-8-8","F","Germany","114"
"Igor","62","1948-13-30","M","UK","786"
"Jonh","56","1935-2-27","F","Italy","541"
"Alina","67","1944-12-10","M","USA","136"
"Igor","65","1902-9-29","M","Italy","522"
"Pavel","85","2019-6-12","F","UK","949"
"Maria","60","1994-8-14","F","Italy","552"
"Jonh","19","1959-2-13","M","Japan","656"
"Anton","59","2002-10-7","F","Italy","407"
"Pavel","20","1953-10-23","F","Germany","882"
"Vitalik","29","1950-10-7","F","Germany","713"
"Pavel","25","1931-6-8","F","Italy","415"
"Anton","36","1973-7-19","M","UK","469"
"Jonh","66","1961-9-5","F","USA","834"
"Ksenia","91","1918-2-27","M","USA","594"
"Maria","44","1963-11-29","M","Germany","659"
"Jonh","90","1999-3-30","M","USA","967"
"Jonh","73","1956-11-19","F","France","229"
"Igor","55","1947-3-32","M","China","858"
"Anton","46","1942-7-22","F","Italy","609"
"Jonh","76","1945-4-15","M","USA","676"
"Vitalik","27","1993-3-13","M","Germany","865"
"Alina","73","2010-8-2","M","Italy","384"
"Vitalik","42","1912-4-26","M","Germany","813"
"Jonh","23","1908-6-15","F","UK","939"
"Pavel","35","1966-2-11","M","Italy","393"
"Pavel","53","2002-12-21","F","France","36"
"Alina","80","1967-10-13","M","China","515"
"Maria","54","1978-13-19","M","UK","906"
"Jonh","81","1967-2-29","F","China","32"
"Ksenia","58","1949-11-18","F","USA","573"
"Alina","54","1927-13-19","F","China","75"
"Pavel","22","1961-13-22","F","China","731"
"Jonh","78","1988-3-25","F","China","578"
"Pavel","31","1902-5-26","F","China","846"
"Igor","64","1908-13-16","F","Japan","360"
"Ksenia","44","1939-5-22","F","Germany","403"
"Ivan","84","1975-12-6","F","Germany","811"
"Pavel","83","1994-12-4","F","France","868"
"Vitalik","46","2010-13-14","M","Germany","878"
"Vitalik","55","1905-3-20","F","USA","130"
"Jonh","91","1906-13-19","F","Italy","652"
"Maria","89","1986-8-30","F","Japan","639"
"Alina","62","1981-12-12","F","UK","25"
"Vitalik","61","1929-8-28","M","Russia","259"
"Anton","44","1906-5-29","M","Russia","536"
"Pavel","44","1923-13-20","F","Italy","37"
"Jonh","76","1992-6-13","M","China","513"
"Jorge","72","1921-5-18","F","France","116"
"Maria","18","1928-4-11","F","Japan","650"
"Jorge","83","2021-11-25","M","Japan","305"
"Pavel","20","2002-13-18","M","Italy","783"
"Pavel","68","1963-5-32","M","Russia","898"
"Igor","24","1986-3-8","M","Japan","621"
"Ksenia","45","2017-9-1","M","China","153"
"Jonh","44","1985-10-3","M","Japan","308"
"Pavel","25","1906-13-14","M","UK","488"
"Igor","72","1903-5-7","F","China","705"
"Maria","92","1945-12-21","F","USA","998"
"Ksenia","92","1934-7-21","F","Japan","592"
"Vitalik","42","1926-10-4","M","Italy","443"
"Jonh","54","1942-2-16","M","Japan","344"
"Vitalik","60","1907-2-1","M","Germany","895"
"Jorge","69","1960-12-24","F","France","355"
"Vitalik","66","1934-4-26","M","Russia","398"
"Vitalik","49","1946-12-5","M","France","672"
"Alina","69","1980-2-28","F","China","275"
"Ksenia","33","1986-6-31","M","Germany","521"
"Ksenia","19","1951-8-13","M","China","351"
"Igor","37","1988-11-9","F","France","722"
"Jonh","91","2011-11-12","M","Russia","688"
"Maria","61","1904-13-20","M","China","234"
"Vitalik","54","2004-7-26","F","USA","932"
"Jonh","90","1992-6-14","F","UK","674"
"Ivan","47","1976-1-8","M","Russia","197"
"Alina","64","1942-1-17","M","Italy","43"
"Maria","76","1930-9-13","F","Japan","743"
"Ksenia","67","1941-12-8","M","France","412"
"Jonh","46","1986-8-2","M","China","841"
"Pavel","24","1997-7-26","F","Russia","892"
"Anton","89","1983-2-8","F","China","612"
"Anton","62","1901-1-11","M","France","161"
"Maria","81","1996-4-10","M","Russia","901"
"Anton","47","1940-7-9","M","China","924"
"Igor","73","1931-10-17","F","Russia","426"
"Maria","56","2020-1-5","M","China","544"
"Jorge","36","2011-11-25","F","USA","516"
"Jonh","66","1926-4-26","F","Japan","753"
"Ivan","57","1982-5-12","M","UK","646"
"Pavel","54","2008-4-14","M","Italy","258"
"Maria","63","2002-1-19","M","Russia","910"
"Vitalik","31","1969-1-24","F","Japan","701"
"Vitalik","32","1993-12-32","M","USA","724"
"Jorge","23","1950-9-13","M","UK","213"
"Alina","69","1962-11-13","F","France","309"
"Alina","83","2003-13-10","F","China","748"
"Alina","22","1968-11-31","F","Italy","276"
"Jonh","75","1941-10-8","F","USA","546"
"Jorge","45","2015-8-29","M","France","428"
"Vitalik","19","2015-3-8","F","Germany","991"
"Jonh","36","1992-3-17","F","Russia","149"
"Anton","44","2007-9-29","F","China","738"
"Alina","52","2009-8-23","M","Russia","296"
"Jonh","19","1921-3-6","M","Germany","157"
"Pavel","31","1943-7-6","M","France","475"
"Jonh","84","1985-7-19","F","Russia","12"
"Alina","59","1977-1-26","M","France","657"
"Maria","77","1914-6-28","M","UK","840"
"Igor","66","1912-3-17","M","Russia","836"
"Alina","84","1904-9-15","M","Japan","876"
"Ksenia","24","1995-11-18","F","China","435"
"Anton","87","1986-13-4","F","Germany","201"
"Alina","71","1918-9-6","F","China","608"
"Ksenia","85","1996-11-15","F","Japan","778"
"Pavel","58","1965-6-3","M","Japan","952"
"Ivan","45","1978-7-5","M","Italy","723"
"Maria","73","1963-7-31","F","Russia","643"
"Vitalik","63","1977-8-13","M","Japan","814"
"Maria","67","2006-1-16","F","Germany","667"
"Ivan","66","1993-12-2","M","China","279"
"Anton","62","1934-7-5","F","Italy","520"
"Maria","59","2018-4-8","F","Russia","221"
"Anton","58","1951-8-14","M","Japan","970"
"Jorge","74","1984-8-23","F","China","66"
"Pavel","81","1916-1-16","M","China","569"
"Pavel","24","1943-2-19","M","Italy","410"
"Vitalik","39","1922-1-22","M","USA","649"
"Igor","24","1989-7-21","M","France","445"
"Igor","50","1976-3-15","M","USA","427"
"Maria","69","1918-8-25","F","Japan","568"
"Maria","19","1981-12-19","F","USA","768"
"Ksenia","64","1968-4-26","F","Japan","332"
"Vitalik","82","1998-7-28","F","Italy","526"
"Jorge","66","1912-10-12","M","France","485"
"Jorge","88","2006-3-23","F","USA","1"
"Igor","42","1922-11-32","M","Italy","734"
"Alina","67","1966-4-10","F","Italy","616"
"Anton","58","1999-8-2","F","France","455"
"Vitalik","43","1909-11-19","M","Russia","499"
"Anton","24","1976-10-20","M","Germany","805"
"Vitalik","18","1907-4-16","F","UK","545"
"Anton","91","2015-6-28","M","Russia","126"
"Maria","69","1968-9-6","M","France","696"
"Vitalik","60","2008-1-25","M","Italy","605"
"Igor","75","2004-8-31","M","UK","942"
"Ksenia","45","2002-12-19","M","France","874"
"Jonh","42","2003-12-24","F","USA","423"
"Ivan","83","1955-5-10","M","China","661"
"Ivan","75","1948-12-14","F","Italy","23"
"Anton","35","1926-1-20","F","France","2"
"Alina","41","2006-10-28","F","USA","737"
"Ksenia","77","1993-1-16","M","Russia","272"
"Anton","68","1932-4-4","F","France","107"
"Igor","54","1958-2-5","M","France","671"
"Igor","46","2008-3-5","M","Russia","800"
"Ivan","37","1997-6-32","F","Russia","599"
"Vitalik","89","1962-3-7","F","USA","512"
"Alina","78","1983-5-28","M","France","354"
"Ksenia","20","1976-4-28","F","UK","563"
"Pavel","43","1958-10-4","F","Italy","586"
"Igor","83","1914-12-24","F","UK","253"
"Maria","36","1939-3-5","F","USA","523"
"Ksenia","71","1923-6-11","M","Italy","81"
"Alina","78","1905-6-15","M","Germany","330"
"Anton","70","2004-12-13","F","France","288"
"Vitalik","82","1914-13-1","M","USA","986"
"Anton","23","1996-7-15","F","USA","82"
"Igor","58","1939-5-25","M","UK","450"
"Jonh","28","1918-8-28","F","Russia","190"
"Igor","55","1931-13-17","M","France","709"
"Ivan","62","1956-5-32","M","China","132"
"Ksenia","87","2019-6-11","F","France","206"
"Jorge","43","1998-2-14","F","Japan","233"
"Jorge","34","1950-4-4","M","UK","645"
"Ivan","65","2008-12-22","F","Italy","76"
"Ksenia","32","1967-5-31","F","Germany","577"
"Pavel","31","1917-12-14","M","USA","626"
"Anton","47","1993-13-12","M","USA","610"
"Jonh","92","1933-12-17","M","Germany","237"
"Ivan","82","1921-1-10","M","Germany","806"
"Igor","21","1911-4-28","M","Germany","782"
"Ksenia","48","1999-7-32","M","Russia","860"
"Vitalik","85","1965-6-17","M","USA","533"
"Vitalik","29","1987-7-14","M","Germany","243"
"Alina","25","1999-10-12","F","Germany","848"
"Maria","82","1987-10-25","F","Germany","374"
"Maria","24","1901-6-19","M","Germany","58"
"Pavel","18","1918-1-27","F","Russia","508"
"Ksenia","91","1929-2-28","M","Italy","135"
"Ksenia","64","1996-10-29","M","Italy","80"
"Jonh","30","1994-5-1","M","Japan","3"
"Pavel","58","1997-4-15","M","Japan","430"
"Ivan","46","1971-2-28","F","UK","59"
"Jorge","71","1975-13-19","F","France","881"
"Anton","69","1922-11-23","F","UK","747"
"Jonh","80","1942-3-3","M","China","230"
"Pavel","48","1932-3-1","M","Italy","655"
"Vitalik","31","1976-5-13","F","USA","992"
"Vitalik","84","1909-13-31","F","Japan","842"
"Igor","54","1940-5-8","F","China","165"
"Ksenia","67","1927-3-25","M","Russia","514"
"Anton","55","1904-2-27","M","France","819"
"Jonh","38","1981-8-29","F","China","41"
"Ivan","73","1944-9-17","M","Russia","538"
"Jorge","23","1964-7-29","F","Germany","186"
"Ksenia","57","1949-2-13","F","China","636"
"Maria","71","1905-11-6","F","Russia","494"
"Igor","69","1994-12-21","F","Germany","175"
"Ivan","29","1918-3-29","F","Russia","730"
"Jorge","25","1961-13-18","M","France","117"
"Vitalik","74","1935-1-2","M","Germany","887"
"Pavel","24","1936-8-28","F","France","604"
"Alina","80","1937-1-13","F","China","917"
"Maria","59","1918-9-5","M","USA","102"
"Jonh","21","1960-7-3","F","France","452"
"Vitalik","61","2000-1-29","M","USA","787"
"Anton","81","1943-11-6","M","Italy","386"
"Vitalik","63","1915-12-8","M","France","231"
"Jorge","65","1944-10-1","M","UK","167"
"Pavel","57","1927-6-26","M","Italy","363"
"Maria","52","2014-11-29","F","Italy","320"
"Jonh","48","1940-13-11","M","France","825"
"Jonh","38","2000-2-24","M","Italy","316"
"Ivan","91","1994-1-14","F","Germany","420"
"Igor","78","2007-1-3","M","Germany","601"
"Vitalik","25","2014-9-21","F","China","600"
"Maria","67","1989-7-24","F","USA","185"
"Alina","43","2010-8-10","F","France","40"
"Ksenia","37","1977-7-3","F","USA","735"
"Jonh","19","1944-2-27","F","China","314"
"Pavel","63","1996-3-15","M","Russia","322"
"Ksenia","83","1906-8-20","M","Germany","422"
"Igor","66","1917-11-10","M","Japan","431"
"Ksenia","27","1983-10-10","F","UK","641"
"Maria","71","1969-8-4","F","UK","551"
"Anton","78","1999-11-23","F","France","519"
"Anton","82","1989-7-12","F","Germany","113"
"Ivan","82","1958-3-28","M","UK","758"
"Igor","29","1993-9-20","F","Italy","540"
"Vitalik","22","1976-4-24","M","Japan","839"
"Jonh","66","1953-7-29","M","USA","143"
"Maria","49","1956-5-4","M","France","981"
"Vitalik","67","1982-11-27","M","Russia","87"
"Pavel","30","1936-5-14","F","France","203"
"Maria","73","1908-2-15","F","UK","720"
"Anton","71","1901-8-11","F","UK","265"
"Vitalik","18","1902-2-25","F","USA","399"
"Pavel","57","1919-7-17","F","USA","989"
"Ivan","54","2020-7-8","F","Germany","815"
"Igor","59","1997-10-2","F","Italy","115"
"Ivan","91","1993-6-26","M","UK","633"
"Jorge","74","2002-12-27","M","Japan","491"
"Jonh","84","2008-2-11","M","China","537"
"Jorge","79","1952-7-18","F","UK","293"
"Alina","53","1942-10-8","M","Italy","529"
"Jonh","58","1955-11-14","M","France","993"
"Jorge","79","1925-13-7","F","UK","219"
"Ksenia","44","1928-2-13","M","UK","780"
"Ksenia","76","1994-1-32","M","Japan","904"
"Vitalik","36","1900-5-18","F","USA","763"
"Maria","68","1954-12-8","F","USA","642"
"Vitalik","35","1952-7-4","F","China","759"
"Alina","22","1980-3-21","F","USA","832"
"Maria","58","1942-3-3","M","France","518"
"Igor","51","1968-5-18","M","France","357"
"Ksenia","89","1921-13-28","M","Japan","539"
"Maria","67","1997-9-20","M","Japan","239"
"Alina","23","1910-1-12","F","UK","481"
"Pavel","80","1943-12-17","M","France","242"
"Jorge","68","1975-8-8","M","Italy","629"
"Ksenia","81","1923-9-1","F","Germany","637"
"Vitalik","24","1997-10-10","F","Russia","315"
"Maria","78","1972-4-23","M","USA","622"
"Jonh","18","1952-3-21","F","Japan","983"
"Igor","70","1983-5-29","M","Russia","606"
"Maria","52","1997-5-20","M","Japan","291"
"Vitalik","87","1907-5-24","M","UK","154"
"Jorge","49","1980-6-15","M","USA","925"
"Alina","22","1970-7-1","M","USA","943"
"Anton","82","1979-8-5","M","Japan","333"
"Igor","56","1986-12-25","F","China","285"
"Alina","76","1944-5-12","F","USA","864"
"Ivan","81","1916-9-19","F","Russia","74"
"Alina","92","2008-2-12","F","Russia","849"
"Vitalik","45","2006-5-24","M","Italy","511"
"Jorge","23","1927-4-27","M","France","208"
"Ivan","25","2017-1-32","M","China","148"
"Jorge","64","2013-6-29","F","Japan","46"
"Ivan","34","2018-6-13","F","Germany","441"
"Jonh","92","1994-13-18","F","USA","178"
"Ivan","41","1900-10-11","F","Germany","456"
"Anton","24","1918-3-7","F","Germany","189"
"Jonh","27","1974-2-29","F","China","762"
"Jorge","23","1920-9-20","M","USA","171"
"Pavel","92","2009-12-31","F","France","812"
"Igor","82","1984-10-16","F","France","644"
"Jonh","21","1974-1-31","F","Russia","504"
"Jonh","76","2000-10-20","M","USA","938"
"Anton","69","1996-5-2","F","USA","267"
"Anton","23","1986-6-6","M","Japan","888"
"Anton","53","1998-10-15","F","Germany","872"
"Jonh","62","2004-2-19","F","Russia","618"
"Vitalik","49","1929-9-20","F","France","1000"
"Ivan","67","1935-7-21","F","Russia","801"
"Jorge","64","2021-2-32","F","Germany","451"
"Ksenia","59","2010-8-20","F","France","728"
"Pavel","71","1972-5-8","M","China","156"
"Jonh","91","1977-11-25","F","France","400"
"Alina","74","1935-1-13","M","USA","61"
"Maria","71","1993-1-12","M","Italy","528"
"Ksenia","33","1972-11-10","F","France","824"
"Ivan","66","1964-13-25","M","Russia","16"
"Anton","82","1969-11-16","F","Italy","959"
"Ivan","76","1927-4-28","F","USA","853"
"Igor","65","1975-3-23","F","Japan","693"
"Vitalik","28","1931-13-31","F","France","950"
"Ksenia","91","1915-4-3","M","France","437"
"Ksenia","31","1923-12-26","F","Italy","353"
"Jorge","84","1933-2-26","F","China","307"
"Alina","32","1908-3-12","M","France","96"
"Pavel","90","1948-7-6","F","Germany","49"
"Igor","72","1990-6-7","F","China","26"
"Ksenia","22","2002-12-10","M","UK","770"
"Vitalik","72","2015-12-3","M","China","929"
"Ivan","52","1949-13-27","F","Italy","954"
"Igor","28","1956-9-20","F","France","902"
"Ksenia","88","1999-11-19","F","USA","375"
"Jonh","52","2000-10-32","F","China","502"
"Maria","34","1907-5-27","M","UK","823"
"Anton","90","1972-12-17","M","Japan","134"
"Jonh","80","2010-10-12","M","USA","944"
"Ksenia","39","2016-1-1","F","Germany","151"
"Igor","21","1929-8-19","M","UK","505"
"Jorge","49","1989-5-3","M","France","852"
"Alina","66","2007-8-21","M","UK","973"
"Igor","86","1986-4-17","M","China","928"
"Jonh","84","1940-4-7","M","Japan","663"
"Ivan","47","2017-4-5","F","USA","236"
"Jonh","32","1918-1-18","M","Germany","457"
"Maria","19","2011-7-13","F","Japan","225"
"Ksenia","30","1933-4-21","F","UK","900"
"Jorge","83","1934-9-23","M","France","147"
"Jonh","31","2017-6-3","F","Germany","72"
"Jorge","48","1994-7-25","M","France","434"
"Igor","73","1991-12-22","F","France","9"
"Igor","47","1928-11-32","M","Japan","321"
"Ivan","31","1976-6-4","M","China","416"
"Jonh","88","1924-8-8","F","France","613"
"Igor","44","1997-11-2","F","Italy","97"
"Alina","25","2005-1-11","M","Russia","271"
"Jonh","92","1950-10-20","F","Germany","556"
"Ksenia","24","1979-11-12","M","UK","897"
"Jorge","43","2007-1-25","M","France","802"
"Ivan","45","1906-2-25","F","France","359"
"Maria","80","1920-7-18","M","Russia","260"
"Pavel","57","2019-1-26","M","UK","241"
"Pavel","38","1972-3-22","F","Italy","395"
"Anton","87","1960-10-1","F","Italy","779"
"Maria","38","1924-12-15","F","China","889"
"Vitalik","35","1920-4-4","F","France","507"
"Anton","86","2011-10-10","F","UK","875"
"Maria","37","1938-13-15","F","Japan","699"
"Pavel","48","2020-12-17","F","USA","564"
"Ivan","64","1925-5-12","F","China","302"
"Ksenia","62","1969-10-13","F","Italy","294"
"Igor","90","1972-12-9","M","Germany","50"
"Ksenia","60","2006-13-6","F","France","498"
"Maria","27","1971-1-11","F","China","756"
"Jorge","83","1953-6-18","M","China","931"
"Vitalik","44","1976-1-10","M","Japan","930"
"Pavel","63","1924-10-20","F","USA","492"
"Ksenia","29","1902-6-14","F","Germany","472"
"Ksenia","31","1976-9-10","F","France","670"
"Vitalik","91","1975-10-21","F","Japan","44"
"Anton","56","2016-2-6","M","Italy","327"
"Ivan","36","1999-13-18","F","Germany","335"
"Vitalik","62","1945-11-25","F","Italy","962"
"Maria","69","1999-3-23","F","Italy","257"
"Jorge","37","2000-1-18","M","Russia","969"
"Ivan","76","1900-6-32","M","USA","817"
"Jonh","48","1977-1-29","M","Russia","487"
"Igor","57","1948-5-31","M","UK","745"
"Maria","21","1983-10-27","M","Russia","596"
"Ksenia","42","1929-13-32","F","France","664"
"Alina","41","1910-10-24","F","China","978"
"Igor","84","1935-3-14","F","USA","911"
"Alina","83","2015-3-19","F","Germany","810"
"Maria","49","1923-3-26","F","France","963"
"Jonh","67","1973-7-13","M","Russia","334"
"Igor","90","2018-2-5","F","Germany","325"
"Maria","32","1962-11-10","M","Russia","295"
"Igor","56","1959-3-22","M","Japan","903"
"Ksenia","78","1985-6-5","F","China","908"
"Ksenia","62","1914-4-5","F","Japan","112"
"Jonh","26","2020-4-13","F","UK","274"
"Vitalik","80","1921-3-12","M","Germany","262"
"Maria","48","2020-4-7","F","UK","99"
"Ivan","55","1988-9-3","M","Japan","47"
"Anton","26","1938-7-13","M","Italy","273"
"Jonh","65","1921-11-9","F","Germany","712"
"Vitalik","65","2002-11-13","F","USA","640"
"Ksenia","29","1997-8-6","M","China","298"
"Jorge","64","1946-10-29","F","Japan","974"
"Igor","38","1981-4-18","F","Italy","975"
"Ksenia","90","1915-12-26","F","Russia","707"
"Jorge","55","1906-11-19","M","Japan","345"
"Pavel","70","1993-3-26","M","Russia","965"
"Igor","80","1941-4-21","F","Italy","733"
"Ksenia","89","1945-8-8","F","China","912"
"Igor","34","1933-3-23","F","France","146"
"Anton","56","1905-8-3","F","China","21"
"Anton","58","1921-4-22","M","UK","425"
"Alina","47","2018-11-29","F","France","885"
"Maria","92","1946-7-18","M","Japan","356"
"Maria","18","1906-1-30","M","USA","936"
"Maria","71","1944-12-9","F","Russia","726"
"Maria","69","1995-5-24","M","France","350"
"Maria","45","1938-13-23","M","China","106"
"Maria","82","1974-5-24","F","Japan","771"
"Ksenia","82","1910-7-1","F","Russia","436"
"Vitalik","19","2020-1-25","F","France","5"
"Jorge","23","1999-3-1","F","China","681"
"Alina","42","1992-11-16","F","USA","687"
"Ksenia","71","1904-8-32","F","Italy","93"
"Ivan","70","1945-1-32","F","Italy","195"
"Ksenia","50","1902-12-29","F","China","686"
"Vitalik","47","2001-6-18","M","China","638"
"Jonh","32","1954-3-14","F","China","828"
"Vitalik","23","1922-10-17","F","UK","945"
"Anton","90","1939-3-17","M","China","464"
"Maria","79","1979-10-6","F","Japan","603"
"Vitalik","46","1948-13-15","F","France","647"
"Igor","34","1958-5-2","M","Italy","760"
"Ksenia","83","1971-6-10","M","China","194"
"Ivan","43","2017-12-3","F","Japan","628"
"Maria","19","2014-8-16","M","Japan","255"
"Vitalik","41","1923-4-7","F","Italy","362"
"Vitalik","52","1948-8-27","M","UK","160"
"Ivan","83","1962-13-16","F","China","438"
"Igor","72","1950-5-31","F","Germany","442"
"Alina","44","1915-2-5","M","China","749"
"Anton","67","2003-9-4","M","USA","282"
"Jorge","69","1945-1-5","F","USA","861"
"Jorge","21","1987-12-14","M","USA","935"
"Jorge","67","1909-10-18","M","UK","218"
"Pavel","87","1960-6-16","F","France","635"
"Ksenia","75","1965-6-4","M","Germany","585"
"Anton","32","1970-12-8","M","USA","886"
"Pavel","75","1972-6-20","F","Italy","854"
"Jonh","23","1974-13-21","M","UK","880"
"Jorge","67","1959-9-13","M","Italy","193"
"Maria","44","1990-5-11","M","USA","682"
"Vitalik","78","1921-9-23","F","Italy","226"
"Jorge","57","1930-1-28","M","Germany","73"
"Vitalik","44","1942-11-28","M","China","691"
"Ivan","76","1909-6-4","M","Italy","560"
"Anton","45","2009-3-16","M","UK","869"
"Igor","42","1995-5-29","M","Germany","86"
"Ksenia","64","1972-12-17","M","USA","92"
"Ivan","22","2017-9-14","M","UK","665"
"Ivan","19","2004-12-12","M","Germany","101"
"Ksenia","91","1936-9-26","M","UK","318"
"Anton","78","1980-3-25","M","Russia","588"
"Ivan","58","1938-5-5","M","Japan","137"
"Jonh","43","1949-2-12","M","France","680"
"Vitalik","68","1952-2-29","F","China","553"
"Vitalik","47","1990-1-19","F","USA","162"
"Anton","24","1935-10-5","M","USA","742"
"Pavel","51","1994-10-16","F","USA","458"
"Pavel","86","1972-10-24","F","Japan","561"
"Ksenia","73","1999-4-15","M","Italy","997"
"Jorge","34","1968-12-28","M","Russia","414"
"Igor","34","2016-7-20","F","Germany","826"
"Maria","79","1990-10-21","F","Germany","918"
"Vitalik","92","2003-7-25","F","Germany","718"
"Vitalik","78","1917-9-29","M","USA","268"
"Vitalik","65","1997-11-3","F","UK","331"
"Pavel","24","1976-6-10","F","Germany","921"
"Jorge","61","1961-5-31","F","UK","127"
"Vitalik","44","1981-12-31","F","Italy","980"
"Igor","18","1917-1-2","M","Russia","381"
"Vitalik","24","1946-7-4","M","China","484"
"Vitalik","20","1989-10-11","F","Germany","804"
"Ksenia","85","1960-1-20","F","Russia","256"
"Vitalik","58","1916-9-18","M","USA","140"
"Ksenia","81","1957-5-26","F","Russia","326"
"Ivan","21","1964-2-12","F","China","855"
"Vitalik","50","2008-5-12","M","Japan","982"
"Pavel","42","1938-5-19","M","Germany","871"
"Ivan","35","1969-8-8","M","Italy","503"
"Igor","85","1999-2-25","M","USA","620"
"Igor","30","1986-13-15","F","UK","833"
"Vitalik","84","1910-7-13","M","Italy","121"
"Jorge","25","2010-4-16","F","France","417"
"Jonh","52","1983-3-3","F","Germany","607"
"Anton","70","1975-9-31","F","Italy","432"
"Igor","79","1953-11-19","M","Italy","727"
"Alina","49","1945-10-20","M","UK","584"
"Ivan","38","1905-11-31","M","Russia","631"
"Anton","38","1963-4-21","M","Japan","549"
"Jonh","19","1999-10-7","M","Japan","615"
"Alina","50","2020-7-5","M","UK","534"
"Jorge","81","2012-9-20","F","UK","960"
"Jonh","40","1940-9-31","F","USA","378"
"Igor","84","1977-11-6","F","China","956"
"Igor","22","2017-4-8","F","UK","312"
"Jonh","40","1970-12-8","F","China","583"
"Vitalik","23","1946-12-3","F","Germany","789"
"Ksenia","84","1967-9-26","F","Italy","907"
"Jorge","25","1981-3-14","F","China","401"
"Alina","67","2018-8-4","M","UK","559"
"Anton","23","1998-1-30","M","Italy","913"
"Pavel","84","1946-9-25","M","UK","877"
"Jonh","55","1967-9-17","M","Italy","209"
"Maria","45","1969-13-17","M","Germany","627"
"Alina","86","1936-10-14","M","Russia","791"
"Vitalik","73","1970-12-18","M","Russia","169"
"Alina","55","1971-12-1","M","Germany","891"
"Ivan","40","1989-8-26","F","France","118"
"Alina","25","1922-12-24","M","Japan","453"
"Maria","34","1983-4-9","F","China","123"
"Vitalik","87","1921-11-29","M","UK","941"
"Ivan","85","2018-13-4","F","Japan","669"
"Anton","62","1964-4-4","M","UK","388"
"Jorge","78","1907-2-28","M","Japan","139"
"Vitalik","39","1911-13-31","F","UK","856"
"Ivan","82","2020-12-4","F","Japan","303"
"Pavel","21","1984-12-2","F","China","648"
"Pavel","88","2004-9-31","M","Italy","54"
"Maria","46","1920-4-30","M","Japan","94"
"Pavel","45","1993-11-19","F","USA","254"
"Pavel","40","1994-8-20","M","Italy","248"
"Vitalik","43","2011-1-31","F","UK","831"
"Igor","90","1935-8-21","F","Italy","166"
"Jorge","55","1944-1-22","F","USA","845"
"Vitalik","29","1976-4-2","M","Japan","698"
"Igor","75","1968-1-7","F","China","530"
"Maria","61","1915-13-7","F","Italy","187"
"Anton","57","1948-5-7","M","Germany","797"
"Pavel","36","1968-13-24","M","USA","750"
"Pavel","84","1963-6-26","M","Japan","405"
"Maria","48","1989-3-29","M","Japan","172"
"Maria","30","1978-11-5","M","UK","17"
"Ksenia","22","2021-7-21","M","Italy","905"
"Anton","41","1941-8-31","F","UK","927"
"Ksenia","47","1946-4-1","F","France","109"
"Ivan","38","2008-6-32","M","Italy","207"
"Maria","50","1902-5-23","F","Japan","501"
"Ivan","32","1901-5-28","M","France","915"
"Ivan","30","1930-5-2","M","China","769"
"Ivan","91","1983-10-13","M","UK","776"
"Maria","52","2013-4-21","F","China","496"
"Alina","90","1942-6-4","M","Italy","590"
"Jonh","51","1908-11-4","F","Italy","364"
"Pavel","65","1961-9-4","F","France","366"
"Igor","56","2020-2-11","F","Japan","245"
"Maria","29","1966-10-17","M","UK","500"
"Ivan","78","1902-11-26","F","UK","71"
"Maria","39","1935-9-17","F","China","495"
"Anton","65","1984-12-8","M","UK","972"
"Jonh","60","1918-10-16","F","USA","324"
"Alina","26","1986-2-30","M","China","689"
"Jonh","36","1991-7-27","F","UK","894"
"Ksenia","60","1965-6-29","M","UK","310"
"Maria","70","1994-2-15","F","Japan","311"
"Alina","32","1925-10-8","F","Italy","27"
"Jonh","51","1904-10-13","M","Germany","570"
"Vitalik","41","1978-10-24","M","Germany","847"
"Ksenia","89","1908-5-29","F","Germany","471"
"Vitalik","33","1923-9-23","M","Japan","883"
"Jorge","45","2010-11-31","F","France","630"
"Jorge","31","1992-8-26","M","Italy","60"
"Jonh","82","1946-4-13","F","France","477"
"Alina","63","1915-13-29","M","USA","757"
"Jorge","73","1902-1-10","M","UK","473"
"Anton","22","1918-4-22","M","USA","301"
"Alina","53","2006-7-2","F","USA","144"
"Pavel","63","2017-8-27","F","Italy","103"
"Jorge","72","1918-7-31","F","USA","467"
"Anton","31","1921-2-22","M","Russia","232"
"Pavel","45","1938-10-1","M","Japan","408"
"Ivan","44","1961-13-14","M","USA","675"
"Jorge","68","1933-3-11","F","UK","708"
"Vitalik","45","1971-12-25","M","UK","870"
"Maria","85","1916-6-2","F","France","216"
"Maria","76","1997-12-25","F","Italy","290"
"Pavel","26","1962-10-16","F","China","247"
"Vitalik","43","1950-4-30","M","Japan","300"
"Jorge","36","1985-12-31","F","UK","614"
"Ivan","78","2016-6-22","F","Japan","64"
"Ksenia","57","1954-7-29","F","China","339"
"Igor","21","1939-3-8","F","Germany","104"
"Vitalik","66","1968-9-26","F","China","125"
"Maria","81","1912-7-2","F","Russia","580"
"Jorge","77","2004-1-28","F","USA","729"
"Jonh","23","1965-12-22","F","Russia","979"
"Pavel","57","1983-8-24","M","UK","379"
"Vitalik","60","2009-6-17","F","Italy","196"
"Maria","92","1908-8-25","M","France","678"
"Maria","61","1977-7-30","M","France","222"
"Jonh","72","1949-13-17","F","Russia","565"
"Jonh","49","2011-1-32","M","Germany","164"
"Vitalik","77","1907-7-11","F","Italy","574"
"Vitalik","32","1931-8-17","M","Japan","336"
"Jonh","24","1911-11-5","F","UK","11"
"Vitalik","21","1991-2-2","F","USA","966"
"Jonh","61","1938-9-12","M","France","755"
"Vitalik","27","1981-10-15","F","France","424"
"Ivan","73","2004-6-18","F","France","33"
"Ivan","18","1936-13-2","M","Germany","765"
"Alina","37","1987-3-7","M","China","715"
"Jonh","32","1988-7-28","F","Italy","660"
"Vitalik","35","1916-2-29","F","France","406"
"Jonh","53","1936-7-18","F","Germany","632"
"Alina","20","1917-12-3","F","China","923"
"Anton","55","2003-1-30","F","USA","567"
"Alina","63","2013-3-12","M","China","341"
"Pavel","41","1938-12-8","F","Russia","976"
"Anton","46","1926-11-28","F","Japan","214"
"Maria","76","1903-5-17","F","Japan","292"
"Ksenia","26","1985-3-14","F","UK","767"
"Jorge","86","1943-7-31","F","China","702"
"Ivan","84","1940-8-31","M","UK","39"
"Ksenia","24","1950-1-31","F","France","909"
"Vitalik","76","2020-5-30","M","Japan","914"
"Jonh","55","1915-7-4","M","Italy","419"
"Pavel","39","1964-6-26","M","UK","173"
"Maria","28","1994-2-12","M","UK","851"
"Alina","53","2002-12-9","F","China","461"
"Igor","33","2019-8-12","M","Japan","873"
"Alina","67","2008-1-32","F","China","694"
"Igor","69","1916-8-11","M","UK","337"
"Jonh","54","1987-6-7","M","France","532"
"Ksenia","30","1951-6-24","F","Germany","879"
"Maria","38","1914-5-20","M","Germany","340"
"Maria","46","1925-11-15","F","Japan","168"
"Ivan","56","1923-1-13","M","USA","933"
"Alina","75","1929-8-2","F","Germany","867"
"Jorge","81","1944-7-22","F","UK","269"
"Maria","48","1994-9-3","F","France","850"
"Alina","56","1971-10-14","M","France","572"
"Maria","51","1966-9-27","M","USA","358"
"Igor","74","1949-12-28","M","Germany","270"
"Jonh","92","1943-3-19","M","Germany","392"
"Jonh","71","2016-13-32","M","Italy","155"
"Anton","85","1932-10-31","M","Italy","158"
"Pavel","72","1943-5-30","M","Russia","961"
"Ivan","67","1984-10-3","M","UK","159"
"Alina","63","1911-11-30","F","France","205"
"Igor","49","1989-7-7","F","Russia","18"
"Jorge","30","1936-12-12","F","China","821"
"Jonh","40","1909-3-5","F","Japan","200"
"Alina","36","1989-12-25","M","UK","624"
"Jorge","43","1977-7-30","F","Italy","439"
"Alina","38","1992-12-5","F","Japan","95"
"Ksenia","79","1931-8-17","M","UK","184"
"Igor","86","1964-10-29","M","Italy","684"
"Jonh","89","1951-7-5","F","Germany","531"
"Ivan","59","1920-10-12","M","Japan","79"
"Ivan","89","1951-13-11","M","France","238"
"Igor","76","1992-6-23","F","Japan","240"
"Vitalik","42","1948-12-12","M","USA","790"
"Pavel","64","1920-11-27","F","UK","958"
"Alina","67","1903-6-26","M","Japan","323"
"Igor","24","1992-2-1","F","Japan","922"
"Vitalik","50","1964-11-5","F","Russia","462"
"Vitalik","76","1936-7-8","F","UK","382"
"Ivan","70","1979-2-9","F","Japan","179"
"Ksenia","70","1933-3-9","M","Russia","706"
"Ksenia","89","1969-10-22","M","Russia","595"
"Jorge","84","1941-9-3","M","Italy","866"
"Jorge","42","1901-13-18","M","Germany","837"
"Igor","18","1951-2-13","F","China","721"
"Ksenia","68","1961-2-27","M","USA","387"
"Ksenia","64","1973-2-3","F","Russia","793"
"Anton","44","1985-1-5","M","France","490"
"Vitalik","79","1993-3-13","F","Japan","517"
"Igor","87","1921-3-26","F","Italy","480"
"Pavel","76","1940-12-2","M","Japan","347"
"Vitalik","37","2018-10-23","M","Italy","468"
"Alina","50","1929-6-4","F","Russia","369"
"Pavel","39","2015-7-1","F","UK","788"
"Vitalik","57","1977-11-21","M","UK","317"
"Pavel","50","1951-3-12","F","China","176"
"Jorge","39","1988-3-29","M","Germany","52"
"Anton","66","1992-2-26","F","UK","174"
"Maria","54","1988-2-25","M","Italy","711"
"Jonh","68","2010-10-20","F","Japan","57"
"Vitalik","59","1936-12-29","F","Japan","385"
"Jonh","80","2016-6-19","M","Germany","754"
"Vitalik","35","2003-11-6","M","Italy","843"
"Igor","88","1982-2-25","M","Germany","100"
"Vitalik","44","1951-12-17","F","UK","996"
"Anton","36","1994-10-18","M","France","591"
"Ivan","53","1904-2-26","M","UK","816"
"Anton","22","1924-11-17","F","China","110"
"Vitalik","60","1987-13-16","M","Russia","820"
"Jorge","77","2016-9-15","M","France","211"
"Alina","73","1971-10-18","M","UK","328"
"Vitalik","26","1985-9-9","M","Italy","411"
"Igor","22","1901-7-21","F","China","827"
"Vitalik","46","1933-8-6","M","France","857"
"Maria","82","1963-7-26","F","France","48"
"Igor","78","1993-9-2","M","Russia","947"
"Jonh","41","1979-11-2","M","France","51"
"Alina","90","1939-12-1","M","Germany","10"
"Maria","56","1947-10-9","F","USA","990"
"Anton","39","1907-13-28","F","Italy","829"
"Jonh","21","1963-10-29","M","France","685"
"Pavel","32","1969-3-20","F","Germany","163"
"Igor","59","1919-1-31","M","USA","719"
"Ivan","32","1935-6-30","M","UK","8"
"Jorge","82","1905-10-20","M","Russia","433"
"Anton","35","1975-9-28","F","France","766"
"Vitalik","66","1919-12-24","M","Japan","348"
"Jonh","54","1984-11-2","F","Germany","246"
"Ivan","49","1949-6-11","M","Japan","69"
"Igor","57","1986-8-6","F","USA","597"
"Igor","42","1990-3-32","F","China","20"
"Jorge","38","1906-9-20","F","Japan","447"
"Jorge","34","1903-12-29","F","Japan","525"
"Igor","92","1917-9-14","M","UK","617"
"Ksenia","89","2007-11-8","F","Russia","535"
"Jonh","43","2006-6-11","F","Russia","306"
"Pavel","67","1977-2-31","M","China","376"
"Ksenia","23","2007-3-22","M","USA","287"
"Alina","56","2019-6-9","F","USA","497"
"Ksenia","68","2021-3-30","F","UK","478"
"Vitalik","37","1988-1-15","F","Germany","703"
"Pavel","70","1974-7-26","F","Russia","352"
"Alina","87","1937-10-31","F","Japan","651"
"Pavel","62","1959-6-1","F","China","744"
"Jonh","20","1912-9-10","F","China","987"
"Maria","84","1927-2-7","F","Italy","795"
"Igor","68","1992-4-25","M","France","372"
"Jonh","67","2004-2-25","M","France","479"
"Jorge","43","1981-5-16","M","Russia","668"
"Jonh","47","1983-9-29","M","France","994"
"Ksenia","36","1953-4-12","F","Germany","714"
"Igor","22","1915-4-19","M","UK","558"
"Igor","35","1933-1-30","F","Italy","380"
"Maria","59","1924-6-10","M","UK","28"
"Ivan","33","1923-3-15","F","Japan","129"
"Ivan","69","1966-3-5","M","Japan","948"
"Ivan","33","1921-5-20","M","USA","683"
"Maria","69","1912-1-21","M","Italy","53"
"Ksenia","50","2021-13-4","F","Russia","968"
"Anton","52","1916-6-17","M","UK","228"
"Ivan","37","1933-10-14","F","Japan","181"
"Jonh","23","1993-1-12","M","China","91"
"Ivan","54","1932-1-18","M","Japan","145"
"Alina","30","2013-4-30","M","Germany","690"
"Jonh","51","2011-2-19","M","Italy","210"
"Jorge","55","1963-1-15","F","USA","418"
"Jonh","46","1983-6-10","F","UK","402"
"Ivan","63","1915-6-26","F","Germany","562"
"Igor","54","1909-3-10","M","France","611"
"Ivan","36","1927-12-9","M","Japan","807"
"Anton","68","1925-7-20","M","USA","899"
"Anton","84","1911-1-29","F","Japan","313"
"Jonh","25","1937-5-17","F","China","368"
"Pavel","26","1950-7-20","M","Japan","70"
"Pavel","33","2011-10-20","F","Russia","951"
"Jorge","21","1901-2-10","F","USA","286"
"Jonh","89","2019-7-28","M","Russia","55"
"Alina","40","1911-6-1","M","Germany","977"
"Ksenia","88","1919-13-18","M","Russia","781"
"Alina","78","1918-6-18","F","China","192"
"Vitalik","51","1944-9-32","F","UK","251"
"Ksenia","20","1901-6-30","M","UK","751"
"Jonh","75","2002-8-16","F","Russia","152"
"Ksenia","57","1928-4-1","M","Italy","732"
"Maria","90","2014-13-20","F","China","809"
"Vitalik","69","1966-10-18","F","Russia","394"
"Ksenia","58","1991-2-25","F","UK","919"
"Ivan","64","1966-6-12","F","Russia","429"
"Ksenia","18","1945-9-23","M","Russia","509"
"Jonh","84","1997-11-18","F","Italy","338"
"Vitalik","65","1994-10-31","M","Italy","459"
"Ivan","70","1919-2-18","M","Japan","191"
"Vitalik","40","1991-2-20","F","USA","717"
"Jonh","27","1975-13-10","F","France","299"
"Jorge","37","1949-4-18","M","Italy","98"
"Igor","41","1994-4-2","F","France","838"
"Ksenia","85","1923-1-7","F","France","45"
"Jonh","19","2000-12-26","F","UK","105"
"Jorge","26","1973-2-10","M","Italy","746"
"Ksenia","35","1959-8-22","M","France","396"
"Anton","72","1951-11-5","M","Italy","4"
"Jorge","35","2020-11-32","F","Russia","217"
"Ivan","77","1973-5-25","F","China","346"
"Ivan","19","1949-12-14","F","France","277"
"Jorge","76","1984-7-14","F","Japan","15"
"Jorge","63","1961-13-21","M","Italy","283"
"Anton","61","1968-5-8","F","USA","88"
"Ksenia","27","1987-13-16","M","Italy","953"
"Igor","80","1955-4-4","M","Germany","764"
"Ivan","31","1928-6-5","F","China","56"
"Alina","69","1938-3-24","M","UK","736"
"Alina","67","1928-3-13","F","Japan","772"
"Pavel","51","2000-7-10","F","Japan","581"
"Alina","68","1908-4-18","F","Germany","940"
"Jorge","69","1977-8-22","M","Japan","413"
"Anton","81","1962-5-26","M","China","77"
"Pavel","70","2005-13-17","F","UK","493"
"Jonh","25","1913-10-16","F","UK","862"
"Igor","20","1952-11-19","M","Italy","235"
"Vitalik","69","1953-6-7","M","Italy","35"
"Maria","60","1983-10-16","M","Germany","803"
"Maria","68","1928-6-14","M","Italy","250"
"Ivan","66","1930-8-14","F","Germany","957"
"Jonh","79","1922-9-21","F","Italy","634"
"Jorge","87","1925-10-3","M","Germany","673"
"Alina","29","1943-6-32","F","Russia","7"
"Jonh","69","1983-1-18","F","France","587"
"Alina","69","1943-9-29","M","UK","67"
"Vitalik","79","1902-2-18","M","Italy","761"
"Pavel","77","1978-12-6","M","UK","391"
"Jonh","52","2016-9-22","M","Japan","244"
"Anton","37","1972-7-26","M","Japan","202"
"Jonh","23","1937-3-32","M","USA","342"
"Jonh","29","1910-7-13","F","France","220"
"Pavel","43","1911-4-30","M","Italy","409"
"Anton","44","1935-1-13","F","Russia","263"
"Anton","70","1913-4-18","M","Italy","133"
"Jorge","54","2003-9-7","M","Germany","777"
"Ivan","67","1991-2-16","F","Japan","373"
"Maria","62","1929-11-6","M","Germany","261"
"Jorge","29","2021-13-13","F","Japan","365"
"Alina","92","1934-5-15","M","USA","799"
"Igor","48","1993-13-27","M","France","138"
"Jorge","88","1921-13-15","M","Russia","180"
"Pavel","68","1917-6-27","M","Japan","361"
"Jorge","28","2005-2-9","F","China","775"
"Igor","65","1947-5-4","M","Italy","835"
"Ksenia","77","1973-11-3","M","UK","984"
"Jonh","72","2009-2-24","F","Germany","264"
"Ksenia","65","2017-6-16","F","Germany","281"
"Vitalik","66","1949-10-27","F","Japan","476"
"Pavel","88","1925-5-15","F","China","662"
"Ksenia","70","1991-3-28","M","Italy","692"
"Pavel","60","1993-11-23","M","Italy","955"
"Igor","85","1906-1-2","F","Germany","204"
"Maria","39","1964-3-2","F","Germany","740"
"Ksenia","75","1948-1-31","M","France","31"
"Igor","49","1916-3-27","F","China","822"
"Alina","18","1904-1-5","F","Germany","440"
"Anton","76","1906-5-32","M","Russia","971"
"Vitalik","40","1903-11-28","F","Japan","716"
"Ksenia","69","1980-12-21","M","Japan","999"
"Igor","37","1907-9-26","M","UK","995"
"Anton","92","1985-1-20","F","Germany","284"
"Anton","42","1956-13-1","F","Russia","224"
"Vitalik","88","1947-12-26","F","Italy","343"
"Alina","90","1999-10-7","F","China","111"
"Pavel","84","1993-3-2","F","Italy","483"
"Alina","81","1987-12-32","M","Germany","752"
"Pavel","56","1909-12-4","F","Russia","371"
"Pavel","38","2011-6-20","F","France","619"
"Igor","30","1970-3-1","F","Japan","14"
"Maria","84","2019-12-26","M","Russia","524"
"Igor","46","1936-2-24","M","USA","547"
"Jonh","53","1920-5-31","F","Italy","542"
