"reb","HPCompany","1984-8-9","Financial","Germany","653","YES"
"hfxjp","BOSCHCompany","1954-5-11","Technology","Russia","889","YES"
"mqum","MicrosoftInc","1988-6-5","Technology","Japan","55","YES"
"bxih","AcerGalactic","1908-1-18","Semiconductors","UK","404","YES"
"qpdbg","KFCEmpire","1981-3-9","Healtcare","Germany","479","NO"
"udujug","NikeInc","1911-13-1","Energy","Japan","242","YES"
"tjts","KFCEnterprise","2020-7-12","CommunicationServices","Germany","377","NO"
"vgka","AppleCompany","2016-11-10","Financial","China","137","YES"
"vagca","JuiceHost","1931-5-11","Materials","Italy","573","YES"
"qvsi","HospitalCorporation","2020-4-8","Energy","China","193","YES"
"limo","SimonGalactic","1903-12-29","Technology","Japan","603","YES"
"wimhch","KFCCorporation","1997-9-6","Consumer Cyclical","Italy","644","NO"
"relgp","MirrowGalactic","1940-8-8","CommunicationServices","France","396","YES"
"orh","NLTHolder","1961-3-9","Technology","USA","718","YES"
"rien","NikeHost","2015-1-27","Energy","China","709","NO"
"gqz","NLTCorporation","1918-5-4","Financial","Russia","216","YES"
"css","AppleHolder","1956-13-16","Industrials","China","843","YES"
"awzmi","MouseCorporation","1994-9-26","Technology","Russia","324","NO"
"ndq","MirrowHost","2020-12-26","Industrials","China","279","NO"
"yxgjpq","MirrowGalactic","1966-1-31","Industrials","Japan","894","NO"
"grfssw","AMDHost","2013-13-10","Materials","Germany","409","YES"
"gnvmx","PalantirEmpire","2017-5-26","Energy","Japan","180","NO"
"wmtjp","AdidasInc","1918-9-21","Consumer Cyclical","Russia","128","NO"
"ueywcw","VirginHost","1975-9-28","Semiconductors","UK","462","NO"
"tqx","NikeHolder","1969-8-9","Semiconductors","Russia","516","YES"
"spzut","BOSCHHost","2018-3-7","Healtcare","UK","188","YES"
"rcpt","NikeEnterprise","2010-8-28","Energy","Russia","592","NO"
"equqiq","BurgerKingGalactic","1911-13-1","Consumer Cyclical","France","144","YES"
"mip","ReebolHolder","1906-3-23","Consumer Cyclical","USA","948","NO"
"mkl","NVIDIAHolder","1905-8-15","Technology","USA","322","YES"
"jqrore","MaximEnterprise","1969-4-32","Industrials","UK","668","YES"
"hvy","SimonEnterprise","2006-10-2","Financial","Italy","132","NO"
"inik","PapitaEmpire","2015-1-6","Consumer Cyclical","France","265","NO"
"hbu","MirrowCorporation","1918-13-9","Industrials","USA","1","YES"
"dohdu","AcerEnterprise","1995-10-18","Healtcare","Japan","12","YES"
"ukouaw","AcerCompany","2017-12-22","Materials","USA","628","YES"
"rvb","MicrosoftInc","1918-1-2","Consumer Cyclical","France","207","YES"
"ssj","AcerInc","1906-2-24","Semiconductors","UK","432","NO"
"qnlt","OrangeCompany","1966-5-9","CommunicationServices","France","623","YES"
"uquyld","AppleCompany","1962-12-27","Energy","Japan","746","YES"
"rydst","SamsungHolder","1936-2-9","Consumer Cyclical","Russia","379","YES"
"lrqkq","OrangeEmpire","1901-3-13","Energy","Germany","480","NO"
"rsrfnd","HospitalEmpire","1953-8-18","Semiconductors","France","510","NO"
"lgwib","AsusHost","1993-3-13","Technology","Germany","285","YES"
"arfd","PapitaHolder","1942-13-32","Energy","Germany","267","YES"
"uqdb","VirginHolder","1958-11-22","Consumer Cyclical","Russia","669","NO"
"rnq","AmazonCompany","1953-3-8","Semiconductors","Russia","738","YES"
"hbfko","PapitaEnterprise","1912-3-32","Energy","Italy","378","NO"
"sklreq","AppleHolder","1920-3-14","CommunicationServices","Italy","549","NO"
"zpp","HPCompany","1922-1-15","Technology","Japan","469","NO"
"brpu","SamsungGalactic","1993-3-30","Industrials","France","201","NO"
"ybab","AsusHolder","2010-2-27","Healtcare","China","569","NO"
"zhqee","VoxInc","1958-4-19","Consumer Cyclical","France","520","NO"
"ovwymz","HuntingtonHolder","1943-2-29","Consumer Cyclical","France","172","YES"
"avc","SberBankCompany","1961-10-7","Energy","Japan","10","YES"
"ftmaw","MicrosoftCompany","1969-11-8","Healtcare","Italy","287","YES"
"nre","NVIDIACorporation","1971-5-13","Energy","France","59","YES"
"cgus","SberBankInc","1935-10-11","Technology","Italy","126","NO"
"ypk","AMDHolder","1919-5-19","Technology","Italy","904","YES"
"fbwkg","NikeEnterprise","1954-6-12","Energy","USA","231","NO"
"naweve","HospitalCompany","1962-10-18","Technology","China","298","NO"
"cdzh","HPGalactic","1905-1-11","Semiconductors","Germany","354","YES"
"dwc","SamsungHost","1904-8-15","CommunicationServices","Russia","6","YES"
"twlegg","KFCCompany","1991-12-23","CommunicationServices","UK","346","YES"
"doz","ReebolInc","1905-12-19","Technology","France","733","YES"
"gjmc","AppleHost","1952-9-8","Industrials","China","179","YES"
"aub","SamsungHost","1955-2-21","Industrials","Germany","966","NO"
"lykx","KFCCompany","1951-2-19","Industrials","Germany","597","NO"
"njr","HuntingtonInc","1907-7-2","Semiconductors","Italy","130","YES"
"kgqg","VoxGalactic","1926-12-19","Semiconductors","Germany","794","YES"
"zte","MirrowGalactic","2000-11-32","Industrials","Japan","786","YES"
"toetfk","HPHolder","1915-11-23","Healtcare","Germany","274","NO"
"zwq","NikeHost","1993-11-22","CommunicationServices","France","343","YES"
"zls","OrangeHost","1982-12-27","Energy","Italy","760","NO"
"fsfmxl","NickelInc","1990-13-15","Consumer Cyclical","Italy","351","NO"
"lhf","MindalGalactic","1911-7-10","Consumer Cyclical","Italy","474","YES"
"mlud","MeuzauInc","1931-8-19","Semiconductors","China","19","YES"
"seue","NVIDIAInc","1915-7-7","Industrials","China","62","YES"
"ljxk","AsusInc","1983-10-16","Healtcare","USA","447","YES"
"vdnk","ToshibaHolder","2020-1-25","Healtcare","Italy","560","NO"
"bhvk","LukoilHolder","1903-1-23","CommunicationServices","USA","923","YES"
"htaxda","NickelEmpire","1903-12-32","CommunicationServices","Italy","670","YES"
"vtqlq","VoxCompany","2000-11-23","Technology","Germany","863","NO"
"his","ToshibaEnterprise","1992-8-19","Technology","Germany","170","YES"
"uhawd","VoxInc","1994-10-3","Healtcare","Italy","289","NO"
"dbi","SberBankEmpire","1904-8-20","Technology","Russia","869","NO"
"ajru","McDonaldsInc","1958-11-23","Financial","USA","534","YES"
"jlvtf","ReebolInc","1974-1-27","CommunicationServices","Japan","425","NO"
"htdtzo","PapitaEnterprise","1905-4-13","Energy","Germany","620","NO"
"nxzd","MarshalEnterprise","1959-10-11","Materials","France","740","YES"
"uxswh","HospitalInc","1977-4-21","Industrials","Germany","962","YES"
"xhis","MaximInc","1976-11-5","Energy","Italy","238","NO"
"jqpdjt","MicrosoftEmpire","1932-9-13","Consumer Cyclical","USA","641","YES"
"dcicp","AcerHolder","2021-4-24","Healtcare","UK","3","NO"
"fsig","ReebolHost","1917-11-21","CommunicationServices","Russia","243","NO"
"tusc","NLTHost","2008-5-28","Semiconductors","Germany","763","NO"
"ghxbz","SberBankHost","1990-3-20","CommunicationServices","UK","41","YES"
"acm","SamsungHost","1950-4-25","Consumer Cyclical","China","122","NO"
"yscmk","ToshibaCompany","1901-10-27","Consumer Cyclical","Germany","519","NO"
"knhswp","ToshibaCorporation","1902-3-1","Consumer Cyclical","Germany","646","NO"
"dfveqn","AlalaneCompany","2000-9-30","Healtcare","USA","178","NO"
"ryyb","HospitalHolder","2001-11-20","CommunicationServices","USA","578","NO"
"azpy","VoxHost","1926-11-18","Technology","UK","650","YES"
"wyej","MindalHost","1919-13-15","Healtcare","Italy","991","NO"
"ckxjp","McDonaldsEnterprise","1914-9-10","Technology","Russia","919","YES"
"komlxi","HospitalHost","1916-4-6","Healtcare","Russia","395","YES"
"awbod","KFCHolder","1994-11-30","Consumer Cyclical","Germany","481","NO"
"wier","NVIDIAGalactic","1987-5-17","Energy","USA","856","NO"
"azg","SamsungCorporation","2010-8-20","Industrials","USA","674","YES"
"ijaqbp","TeslaEmpire","1945-4-12","Technology","Italy","277","YES"
"wtfwcw","BurgerKingHolder","1942-7-24","CommunicationServices","Russia","576","YES"
"zoirz","NickelCorporation","1920-1-2","CommunicationServices","Germany","244","YES"
"gfqbtc","HPInc","1975-9-13","Consumer Cyclical","Japan","859","YES"
"oia","OrangeHolder","2004-9-23","Technology","France","942","YES"
"ruld","AppleInc","2014-5-24","Financial","Germany","487","NO"
"yhkq","AmazonEnterprise","1990-9-5","Healtcare","Germany","393","NO"
"uaotz","VirginCompany","1948-9-30","Materials","UK","153","NO"
"fuwkug","MarshalEmpire","2020-5-12","Financial","Italy","230","YES"
"ngvoht","ToshibaEmpire","1933-12-30","Technology","France","52","NO"
"upa","SamsungHolder","1948-3-30","Financial","France","624","NO"
"hestcw","HuntingtonEnterprise","2003-13-4","Consumer Cyclical","France","708","NO"
"mvdu","AlalaneCompany","1990-4-29","CommunicationServices","UK","629","YES"
"fprxgk","MarshalHolder","1930-10-22","Energy","Japan","117","YES"
"huei","PalantirCompany","1931-11-6","Materials","Germany","105","NO"
"plfst","TeslaHost","2009-11-16","Financial","Russia","591","YES"
"eki","PapitaHost","1923-1-23","Technology","UK","981","YES"
"acrt","MouseCorporation","2017-1-20","Consumer Cyclical","Russia","771","NO"
"ali","McDonaldsCompany","1982-13-1","Technology","USA","559","YES"
"ebh","ToshibaCorporation","1973-5-17","Consumer Cyclical","Japan","903","NO"
"olr","AppleEnterprise","1932-7-10","Technology","Russia","795","NO"
"mou","MouseHolder","2016-10-10","Semiconductors","China","335","YES"
"zid","AcerEnterprise","1983-2-10","Semiconductors","Italy","768","NO"
"jrwawz","VoxCorporation","1945-7-20","Semiconductors","Germany","612","YES"
"knm","MirrowGalactic","1997-6-30","Materials","Russia","50","NO"
"opftst","NLTHolder","2018-7-27","Financial","Russia","477","NO"
"wspzu","JuiceCompany","2014-9-12","Technology","China","310","YES"
"zyntui","AdidasEnterprise","2017-13-15","Consumer Cyclical","Russia","227","YES"
"zukj","VoxHolder","2003-13-13","Financial","UK","91","NO"
"anxw","AcerHolder","2006-5-5","Consumer Cyclical","China","537","YES"
"eqr","MouseHolder","1924-11-10","Industrials","China","872","YES"
"xnjoo","SimonHolder","2012-7-8","CommunicationServices","UK","248","YES"
"fuhoey","AMDHolder","1910-2-31","CommunicationServices","China","449","YES"
"eit","HuntingtonHost","1916-4-7","Healtcare","Italy","801","YES"
"kpbne","MicrosoftCompany","1930-6-13","Technology","UK","562","YES"
"ufyeg","MicrosoftCompany","1999-4-9","Healtcare","UK","478","NO"
"cvja","SberBankGalactic","1987-12-18","CommunicationServices","Italy","811","YES"
"eba","JuiceCorporation","1967-2-31","Technology","Italy","987","NO"
"ialt","MaximHost","1945-12-14","Energy","France","725","NO"
"rpy","MarshalCompany","2010-1-4","Energy","Japan","306","NO"
"ojv","MeuzauGalactic","1935-5-6","Financial","Germany","301","NO"
"udxwh","AcerHolder","1952-6-3","Materials","Japan","470","YES"
"uvyq","AdidasEmpire","1919-10-32","Semiconductors","Russia","358","NO"
"richo","MaximHolder","1971-7-14","Healtcare","USA","417","NO"
"uwvv","BurgerKingCompany","1904-2-13","Healtcare","Russia","721","NO"
"mky","AMDEnterprise","2013-4-26","Financial","China","870","YES"
"ulebq","MouseGalactic","1908-5-21","Technology","Russia","784","YES"
"gipd","VoxEnterprise","1933-2-7","Financial","Russia","476","NO"
"fsker","PapitaEnterprise","1935-2-3","Industrials","USA","955","YES"
"gcogta","ToshibaCorporation","1912-2-2","Consumer Cyclical","Russia","961","NO"
"pzd","MindalHolder","1925-7-3","Financial","USA","152","NO"
"ebezq","SberBankEnterprise","1917-7-27","Semiconductors","Germany","734","YES"
"qwipdz","HospitalHost","1926-2-13","CommunicationServices","Italy","614","NO"
"pzv","AcerEmpire","2016-1-30","Healtcare","China","809","NO"
"dsqiyo","ToshibaCorporation","1990-12-8","Materials","UK","112","YES"
"ykrx","AcerInc","1917-11-12","Healtcare","China","678","NO"
"foy","AcerEmpire","1983-8-26","Consumer Cyclical","Italy","723","NO"
"lel","BurgerKingCorporation","1918-2-21","Energy","Italy","353","YES"
"cocmsq","AsusInc","1994-12-12","CommunicationServices","France","546","YES"
"ynq","MirrowCompany","1904-10-24","Energy","Russia","908","YES"
"qqtn","KFCEnterprise","1972-12-19","Materials","China","500","NO"
"ennwc","ReebolCorporation","1994-11-15","Materials","China","114","YES"
"furno","AlalaneCompany","1986-13-28","Financial","Italy","77","NO"
"nuhcf","HPEnterprise","1975-7-8","Semiconductors","China","387","NO"
"rcxnz","SimonEnterprise","1903-5-5","Energy","Germany","305","YES"
"pmoqd","AsusHost","2003-2-11","Industrials","UK","664","YES"
"iiwdm","AmazonCompany","1910-3-12","Semiconductors","Russia","276","YES"
"mbvp","SimonEmpire","2016-10-25","Technology","Japan","568","YES"
"vry","AcerHolder","1930-8-27","Semiconductors","USA","735","YES"
"ivcvwo","VirginInc","2002-1-17","Healtcare","UK","53","NO"
"yczmi","SberBankCompany","2015-3-15","Financial","China","861","NO"
"pzjor","MaximInc","2006-5-15","Semiconductors","France","778","NO"
"jruq","AlalaneEmpire","1930-5-25","Financial","USA","389","NO"
"eyhx","SamsungEnterprise","1993-3-26","Energy","UK","865","YES"
"kajgv","NLTHolder","1967-4-21","Semiconductors","Russia","920","NO"
"njcgm","MicrosoftEmpire","1949-9-3","Industrials","Russia","655","NO"
"ifzp","SberBankHost","1918-6-31","Energy","Italy","501","NO"
"dvyaps","SamsungEnterprise","1964-10-22","Technology","Italy","34","NO"
"glwpg","JuiceEnterprise","2011-8-28","Healtcare","Russia","511","YES"
"nlcqk","AlalaneHost","1963-1-31","Technology","UK","710","YES"
"flofq","SamsungInc","1950-2-19","Consumer Cyclical","Japan","342","NO"
"qhd","AmazonGalactic","1996-5-11","CommunicationServices","China","847","YES"
"wyuhfp","MaximHolder","1936-12-12","Technology","Japan","743","NO"
"ohzt","OrangeCompany","1988-10-6","Healtcare","Italy","522","NO"
"itjvv","MouseGalactic","1962-3-14","Technology","China","933","NO"
"sujl","JuiceCorporation","2010-9-13","Consumer Cyclical","Russia","74","NO"
"cdd","JuiceEnterprise","2000-9-7","Consumer Cyclical","Japan","890","YES"
"txrwy","PalantirEnterprise","1916-11-26","Energy","Germany","940","NO"
"txel","SimonHolder","1992-9-17","Energy","Russia","327","NO"
"ucio","HospitalEmpire","1974-1-20","Energy","Germany","625","YES"
"xid","McDonaldsHolder","2017-6-31","CommunicationServices","Japan","994","NO"
"igtj","AlalaneCorporation","1929-11-11","Technology","Japan","302","NO"
"rfshs","HPEmpire","1948-10-3","Consumer Cyclical","France","366","NO"
"pnqyfj","BurgerKingHolder","1986-4-2","Industrials","Russia","647","YES"
"fuhkaz","BurgerKingCompany","1902-9-1","Technology","Germany","892","NO"
"odcvx","ToshibaHolder","1918-12-31","Materials","USA","143","NO"
"yglqw","BurgerKingHolder","2008-6-15","Industrials","China","115","NO"
"xklhz","MirrowCompany","1943-5-20","CommunicationServices","UK","602","YES"
"pkilas","BurgerKingInc","1990-5-9","Financial","Germany","362","YES"
"joxx","MicrosoftCompany","1988-9-1","Technology","Italy","752","NO"
"ook","SamsungInc","1969-12-12","Consumer Cyclical","France","635","NO"
"wrzc","MouseEnterprise","1976-4-28","Healtcare","Japan","444","NO"
"gso","TeslaEnterprise","1983-6-7","Healtcare","China","691","NO"
"vot","NLTInc","2011-8-17","Energy","UK","424","YES"
"lnwuoe","OrangeGalactic","1938-8-11","Materials","USA","993","NO"
"lct","VirginInc","1956-8-32","Industrials","Russia","439","YES"
"pwen","KFCCompany","1994-6-21","Consumer Cyclical","Italy","473","YES"
"hiod","SamsungEmpire","1919-2-28","Consumer Cyclical","Germany","35","NO"
"znl","OrangeCompany","1981-8-14","Technology","Germany","921","NO"
"nskvk","HPInc","2005-7-14","Industrials","China","493","YES"
"ojvfte","AmazonInc","1985-5-17","Financial","France","754","NO"
"frnomu","ToshibaHost","1900-8-6","Technology","China","280","NO"
"xuz","AdidasEmpire","1910-13-25","CommunicationServices","Italy","525","YES"
"vhsk","MouseCorporation","1995-7-13","Materials","France","996","YES"
"dvhxcf","NLTCorporation","1963-13-19","Healtcare","UK","719","YES"
"vjts","HospitalCorporation","1976-8-13","Consumer Cyclical","Germany","169","NO"
"tqsqlu","TeslaInc","1959-1-28","Semiconductors","Russia","338","NO"
"hxcqck","KFCHost","2005-2-5","Financial","Italy","726","NO"
"qcrgq","JuiceHolder","2011-4-4","Technology","USA","684","NO"
"oaflvn","AMDHolder","1999-12-24","Financial","France","37","YES"
"xtyevx","McDonaldsHost","2010-9-17","Financial","France","584","YES"
"rci","ReebolCompany","1910-8-8","Materials","USA","26","YES"
"gzqo","MarshalEmpire","1993-4-14","CommunicationServices","China","284","YES"
"gylglz","TeslaEnterprise","1970-5-26","Financial","Russia","325","YES"
"myat","MouseHolder","1977-5-16","CommunicationServices","USA","376","NO"
"ayhtaa","AmazonGalactic","1939-11-8","Technology","Russia","341","NO"
"zkcne","BurgerKingCorporation","1960-5-18","Financial","UK","686","YES"
"aal","AlalaneInc","1950-8-7","Industrials","Japan","844","YES"
"uhiakv","McDonaldsEnterprise","1935-6-23","CommunicationServices","France","551","YES"
"ycq","AsusEmpire","1976-13-23","Technology","Germany","123","NO"
"gbbj","MarshalCompany","1964-13-14","Semiconductors","Russia","600","NO"
"xzx","AcerInc","1927-13-28","Healtcare","USA","777","YES"
"ijft","KFCInc","1952-7-13","Consumer Cyclical","UK","820","YES"
"xka","AmazonHost","1961-10-22","Energy","Italy","25","YES"
"vwgyio","ReebolCorporation","1977-1-25","CommunicationServices","Germany","20","NO"
"jwlq","TeslaCompany","1977-3-25","Consumer Cyclical","Italy","370","NO"
"fweu","AsusHost","1911-9-24","Semiconductors","Germany","610","YES"
"dvfwsf","PapitaInc","1901-6-1","Financial","Germany","220","YES"
"kas","MouseEmpire","1950-4-29","Materials","USA","146","YES"
"uof","HospitalInc","1936-2-12","Healtcare","Italy","312","NO"
"mahnw","LukoilHolder","2015-10-10","Materials","Italy","971","NO"
"mlwccx","NikeGalactic","1988-13-23","Consumer Cyclical","China","78","NO"
"fxyd","KFCGalactic","1962-1-20","Technology","France","408","YES"
"orqj","JuiceHolder","1944-4-14","Technology","France","764","NO"
"aqp","MeuzauEnterprise","1930-7-32","CommunicationServices","Germany","451","NO"
"zpii","NikeEnterprise","1957-8-26","Materials","China","640","NO"
"oqkrsk","MaximEmpire","1920-3-27","Materials","Russia","450","YES"
"epio","NikeCompany","1901-9-19","Industrials","Germany","910","NO"
"kvje","LukoilCompany","1955-8-2","Technology","Germany","529","YES"
"nets","AMDHost","1917-13-11","Energy","Russia","879","YES"
"ruv","HuntingtonInc","1948-9-13","Energy","France","980","YES"
"stn","OrangeCorporation","1918-10-15","Industrials","China","261","YES"
"gldtm","LukoilEmpire","1986-4-11","Energy","UK","967","NO"
"ncpwvo","NickelEmpire","1912-5-30","Consumer Cyclical","USA","521","YES"
"adgw","MaximGalactic","1956-8-21","Healtcare","China","773","YES"
"bkd","AppleHolder","1925-11-4","Healtcare","Germany","770","NO"
"gtep","MirrowCorporation","2012-2-17","Energy","Italy","219","YES"
"wkzhn","AlalaneEmpire","1991-4-8","Consumer Cyclical","Japan","796","NO"
"pyydkm","NikeCorporation","1913-7-28","Energy","China","145","YES"
"axw","MouseCompany","1905-6-15","Healtcare","Italy","594","YES"
"byow","MicrosoftCorporation","1990-13-4","Semiconductors","China","831","NO"
"htlu","MicrosoftCorporation","1978-8-12","Healtcare","Russia","526","NO"
"wygts","NickelCompany","2018-6-2","Consumer Cyclical","Italy","58","NO"
"jcfg","TeslaInc","2011-6-26","Energy","Italy","523","NO"
"igk","BurgerKingEmpire","1903-13-22","Materials","UK","347","YES"
"iytogq","SimonHolder","1986-13-27","Energy","Germany","317","NO"
"mrjdik","PapitaCorporation","1990-10-5","Technology","Russia","756","YES"
"ptptu","BurgerKingCompany","1981-10-14","Healtcare","Italy","659","YES"
"cytj","OrangeHolder","1948-4-14","Consumer Cyclical","UK","539","NO"
"ygisvn","NLTGalactic","1930-5-19","Healtcare","UK","508","NO"
"odzlot","ReebolInc","1979-9-17","Financial","France","464","YES"
"ecbp","TeslaHost","2014-7-7","Healtcare","USA","187","YES"
"txt","MouseGalactic","1919-5-28","Consumer Cyclical","Italy","785","YES"
"cbvrpd","AsusCorporation","1996-7-21","Consumer Cyclical","USA","15","NO"
"agei","ToshibaInc","1963-13-11","Healtcare","Italy","67","NO"
"qlwj","MaximEnterprise","1964-2-9","Financial","Japan","54","NO"
"chlx","AcerCompany","1932-7-18","Healtcare","Germany","658","YES"
"xvap","SberBankCorporation","1994-4-26","Consumer Cyclical","UK","788","YES"
"fei","SimonInc","1933-12-23","Healtcare","UK","881","NO"
"jvqpew","AMDHolder","2009-1-31","Consumer Cyclical","France","331","NO"
"zed","HPHost","1999-6-12","Industrials","USA","272","NO"
"upbu","AlalaneGalactic","1923-8-28","CommunicationServices","Germany","853","NO"
"cxdrwx","JuiceEnterprise","2019-10-1","Industrials","China","808","NO"
"vflm","MouseCorporation","1983-6-14","Technology","Japan","868","YES"
"qflw","VirginEnterprise","1951-6-17","Consumer Cyclical","Japan","452","NO"
"xjgsr","AsusInc","1902-1-31","Healtcare","Japan","162","YES"
"pnsshc","MeuzauInc","1936-1-4","Energy","Japan","141","NO"
"ubtodn","AsusEmpire","1954-11-23","Energy","China","935","YES"
"yufkkp","OrangeHost","1926-2-8","Materials","Germany","31","YES"
"kwwl","MaximCompany","1967-4-12","Technology","China","319","YES"
"gputo","HuntingtonGalactic","1957-3-8","Healtcare","USA","783","NO"
"brnv","MeuzauInc","1956-13-22","CommunicationServices","Japan","182","NO"
"hrjk","JuiceEnterprise","1985-13-7","Energy","Japan","463","NO"
"iumry","PalantirInc","1963-10-17","Materials","Germany","239","NO"
"ayg","NikeInc","2002-5-8","Healtcare","France","225","YES"
"zcs","MaximEmpire","1978-3-3","Technology","USA","505","NO"
"rmzwe","NLTCompany","1923-11-15","Healtcare","Russia","437","YES"
"ttczjj","PalantirGalactic","1924-11-17","Energy","UK","329","YES"
"oqb","AcerHolder","1992-12-15","Consumer Cyclical","UK","61","YES"
"dvny","HospitalInc","1977-1-17","Energy","Germany","83","YES"
"uxjhnv","AlalaneEnterprise","1922-12-14","Semiconductors","UK","842","NO"
"lfyjh","NLTEnterprise","1938-10-24","Consumer Cyclical","France","639","YES"
"qahll","ReebolEnterprise","1903-12-25","CommunicationServices","UK","254","NO"
"whpkxx","ToshibaHolder","1996-8-30","Materials","Germany","440","NO"
"owktyq","VirginHolder","1930-7-5","Industrials","Russia","671","NO"
"ytuubs","ReebolHolder","1991-6-28","Consumer Cyclical","France","81","NO"
"qrqyiq","KFCEnterprise","2016-4-7","Technology","Italy","75","YES"
"slbg","NickelCompany","1981-5-13","Consumer Cyclical","China","860","NO"
"xxa","MindalEmpire","2014-13-16","Materials","Japan","979","NO"
"zqkdej","LukoilCorporation","1922-11-7","Consumer Cyclical","France","952","YES"
"zfnxz","MirrowHolder","1970-13-3","Industrials","Germany","947","NO"
"buefnu","TeslaGalactic","1928-8-31","Healtcare","Russia","541","NO"
"fyq","KFCHost","1901-3-4","Technology","Germany","173","YES"
"bhkxey","TeslaEmpire","1986-3-15","Technology","Russia","781","NO"
"hjke","SberBankCompany","1991-12-15","Consumer Cyclical","UK","290","YES"
"bttef","MeuzauHolder","1952-11-16","Consumer Cyclical","USA","815","NO"
"mppszh","PapitaCompany","2017-13-27","Semiconductors","Italy","465","YES"
"ochriy","MarshalEmpire","1902-4-16","Industrials","France","504","NO"
"ziv","SamsungHost","1955-2-2","Industrials","France","596","YES"
"kfhgm","NLTGalactic","1985-5-16","Consumer Cyclical","Japan","835","NO"
"ivub","McDonaldsGalactic","1989-9-27","Materials","Italy","14","YES"
"dqoj","NLTInc","1989-3-27","Energy","France","430","NO"
"yubh","VoxCorporation","1993-13-22","CommunicationServices","China","203","NO"
"dhkkls","PapitaInc","2004-13-16","Technology","UK","297","NO"
"dxhsi","MicrosoftHost","1966-9-28","Consumer Cyclical","UK","514","YES"
"yst","TeslaEmpire","1951-13-5","Consumer Cyclical","UK","499","NO"
"mmwg","HospitalCorporation","1914-3-1","Materials","China","707","YES"
"hfe","ReebolCompany","1984-2-18","Healtcare","Italy","307","YES"
"hyxm","SberBankHolder","1928-1-13","Energy","France","883","NO"
"xogyzh","LukoilCorporation","1979-5-6","CommunicationServices","Japan","492","YES"
"dhky","MirrowCorporation","1936-13-29","Semiconductors","UK","819","NO"
"tdlnwh","AppleEmpire","1921-10-30","CommunicationServices","Russia","978","YES"
"ckf","NickelGalactic","1969-3-12","Semiconductors","Germany","167","YES"
"hskizp","NVIDIACompany","1981-5-32","Materials","Italy","604","NO"
"wydteh","AdidasHost","1984-8-1","Consumer Cyclical","USA","816","NO"
"npogsm","BurgerKingGalactic","1930-5-31","Healtcare","Japan","729","YES"
"mqcx","OrangeCorporation","2020-5-26","Semiconductors","USA","269","NO"
"tmlmuj","MaximCompany","1922-1-17","Consumer Cyclical","UK","911","NO"
"tmsmmf","MeuzauHolder","1926-7-3","Energy","Italy","356","NO"
"dkj","AdidasCompany","1925-3-17","Financial","France","397","NO"
"rlrfo","NLTCompany","1952-11-25","Semiconductors","Italy","720","NO"
"wumclq","VoxInc","1999-5-16","Materials","USA","681","NO"
"kuu","VirginEnterprise","1969-9-11","Materials","France","177","YES"
"rpa","NickelEmpire","2001-1-5","Financial","France","125","YES"
"uaxvw","MicrosoftInc","1965-2-20","CommunicationServices","Russia","229","YES"
"mcbyc","HospitalCompany","1972-2-15","Industrials","Germany","622","NO"
"vzsj","AcerEmpire","1914-13-25","Semiconductors","Japan","27","NO"
"uird","OrangeEnterprise","2006-9-25","Energy","UK","86","NO"
"qdzof","VirginCorporation","2014-11-1","CommunicationServices","Germany","240","NO"
"hjlnqn","MirrowCompany","1912-13-17","Technology","Russia","882","NO"
"gzxgu","SimonHost","1919-7-11","Energy","Germany","82","NO"
"dsmq","ToshibaGalactic","1966-7-25","Financial","Germany","782","NO"
"totwd","MouseHolder","2021-7-25","CommunicationServices","Russia","87","YES"
"ibft","AmazonHost","1991-9-31","Energy","Italy","984","NO"
"qmbd","OrangeInc","1997-11-2","Materials","USA","731","YES"
"wopg","SamsungInc","1915-3-32","Consumer Cyclical","Italy","181","YES"
"ogmm","VirginEmpire","1964-11-10","Financial","China","360","YES"
"bhwgew","MicrosoftEnterprise","1973-12-14","CommunicationServices","Germany","4","NO"
"qsoqt","TeslaInc","1906-2-10","CommunicationServices","France","780","YES"
"xyp","NikeEnterprise","1984-5-26","Semiconductors","UK","159","NO"
"opnuc","ToshibaHolder","1903-10-21","Technology","China","156","YES"
"zfer","AlalaneCompany","1950-4-16","Semiconductors","France","36","YES"
"ojmtre","AcerHolder","2006-6-19","Healtcare","Italy","386","YES"
"quto","NickelCorporation","2019-5-11","Semiconductors","USA","191","NO"
"lmndv","MaximInc","2003-1-14","Materials","Russia","273","NO"
"dflc","HuntingtonEmpire","1914-7-5","Consumer Cyclical","China","755","NO"
"bcqxs","VirginHolder","1920-3-26","Semiconductors","Japan","990","NO"
"wpkt","SberBankCompany","1940-6-25","Financial","China","654","NO"
"dxyg","MicrosoftHolder","2009-5-9","Consumer Cyclical","Japan","98","NO"
"nhohln","MirrowEmpire","1983-13-9","Financial","Russia","925","YES"
"zgfetn","HuntingtonEnterprise","1993-6-31","Financial","Italy","548","NO"
"qvm","AcerHost","2001-11-14","Consumer Cyclical","China","914","NO"
"wehxcg","MindalHolder","1948-5-6","CommunicationServices","Italy","700","YES"
"mjzqm","PalantirHolder","1938-1-23","Consumer Cyclical","France","491","NO"
"trz","PapitaCorporation","1956-6-7","Technology","Russia","884","YES"
"orue","MarshalCorporation","1945-9-13","Energy","Russia","495","YES"
"fbac","HPCorporation","2007-7-4","Healtcare","Germany","363","NO"
"lgpetm","NLTHolder","2010-4-4","Technology","Germany","262","YES"
"rhkhnm","AcerCorporation","2007-7-16","Industrials","Russia","730","NO"
"eak","AppleCompany","1913-13-25","Energy","UK","817","NO"
"csw","ReebolEnterprise","1968-11-1","Consumer Cyclical","China","927","NO"
"lfalw","AMDHolder","1914-4-32","Industrials","France","937","YES"
"besu","ReebolEnterprise","1972-4-15","Technology","Germany","944","YES"
"ghm","AmazonGalactic","1986-8-10","CommunicationServices","USA","223","NO"
"zgvf","PalantirEmpire","2000-3-23","Financial","Germany","30","YES"
"oyyl","NickelHolder","1966-13-32","Industrials","France","767","NO"
"tqmrj","BurgerKingInc","2016-1-31","Consumer Cyclical","UK","255","YES"
"dhxk","KFCCorporation","1902-3-27","Materials","Russia","532","YES"
"fhldx","HPHolder","2007-8-5","Healtcare","Russia","683","YES"
"dys","McDonaldsCompany","1948-7-21","Financial","Japan","39","YES"
"azm","BurgerKingHost","1910-11-30","Energy","China","103","NO"
"mhihf","McDonaldsEnterprise","1977-2-4","Technology","Japan","252","YES"
"llgsb","TeslaCorporation","1900-7-27","Financial","Russia","90","NO"
"njkewh","LukoilInc","1962-10-11","Consumer Cyclical","France","970","YES"
"cxaths","HPHost","1997-5-24","Industrials","Japan","461","YES"
"gorbo","McDonaldsGalactic","1984-9-7","Materials","UK","95","YES"
"vuy","MarshalEnterprise","1960-13-15","CommunicationServices","UK","918","NO"
"zlzpl","PapitaGalactic","1995-7-15","Semiconductors","UK","454","NO"
"acxrkd","MicrosoftEnterprise","1965-7-28","Semiconductors","Russia","326","YES"
"dfwe","MicrosoftHost","1984-6-21","Industrials","USA","401","YES"
"xtxcvu","MaximEnterprise","1941-4-24","Industrials","China","445","YES"
"ggns","AMDEnterprise","1992-6-9","Technology","Italy","839","NO"
"dre","MeuzauCompany","1926-6-10","Materials","Russia","917","YES"
"pmpx","BurgerKingEmpire","1964-7-30","Financial","UK","97","YES"
"jqrveb","MaximHost","2004-4-9","Industrials","Japan","769","NO"
"lfzkj","MeuzauHost","2010-6-20","Energy","France","643","NO"
"xnfz","AppleInc","1929-1-28","CommunicationServices","Germany","547","YES"
"tqgll","AmazonInc","1960-10-20","Materials","Russia","922","NO"
"lvvh","PalantirInc","1979-13-28","Energy","Russia","121","NO"
"yxog","SberBankHost","2014-7-10","Technology","Russia","793","YES"
"ubd","SimonEmpire","1922-12-24","Consumer Cyclical","Russia","542","NO"
"eejnn","TeslaEmpire","1980-9-7","Consumer Cyclical","Germany","488","YES"
"wtxni","PalantirHost","1996-4-26","Semiconductors","Russia","916","NO"
"xujck","MaximHolder","1988-3-20","Industrials","UK","851","YES"
"fdqfxo","AdidasHost","2014-4-18","Semiconductors","USA","147","NO"
"nnppss","NickelCompany","1901-6-8","Energy","UK","352","YES"
"wdr","AlalaneInc","1939-13-17","CommunicationServices","Japan","416","NO"
"snuz","PalantirEnterprise","1954-4-6","Healtcare","China","672","NO"
"dgtf","AdidasGalactic","1932-4-23","Consumer Cyclical","Japan","202","YES"
"odc","NLTHolder","2018-9-11","Healtcare","Russia","96","NO"
"sxsou","HPEnterprise","1990-13-8","Industrials","UK","443","YES"
"usgqv","MarshalInc","1920-7-6","Healtcare","Germany","665","YES"
"wpk","NLTCorporation","2012-11-20","Financial","France","945","YES"
"rdgj","HPHolder","2017-9-14","Financial","France","630","YES"
"lnyep","AppleEnterprise","1915-4-2","Financial","Italy","186","NO"
"bnazu","ReebolGalactic","1991-7-29","Energy","USA","535","YES"
"ast","MouseGalactic","1933-1-19","CommunicationServices","France","313","NO"
"aglp","McDonaldsCompany","1904-1-28","Materials","USA","848","YES"
"yiy","VoxGalactic","1915-11-28","Financial","France","364","NO"
"nra","MarshalCompany","1914-8-15","Semiconductors","Japan","318","NO"
"ykctzl","AdidasHost","1935-6-3","Energy","UK","375","YES"
"illzi","NVIDIAEnterprise","1974-8-30","Industrials","France","235","NO"
"oqahuq","MeuzauGalactic","1953-4-2","Semiconductors","USA","215","NO"
"ozgclm","MicrosoftEnterprise","2008-2-4","Industrials","China","197","NO"
"bpxtbb","NLTInc","1929-3-22","Financial","Russia","321","YES"
"jbgnv","MarshalEnterprise","1958-5-32","Energy","France","208","YES"
"vmwej","MeuzauEmpire","1933-1-19","CommunicationServices","France","885","YES"
"epqezs","AppleGalactic","1951-12-17","Industrials","USA","695","YES"
"mnhssw","AdidasHost","1966-1-29","Materials","Italy","698","YES"
"uvpa","SimonCompany","1978-2-2","Technology","France","232","NO"
"fxbz","TeslaEmpire","1953-7-2","Financial","Japan","609","YES"
"aibj","PalantirInc","1919-7-24","CommunicationServices","Russia","148","NO"
"qnlw","AcerEnterprise","1964-9-4","Energy","USA","457","NO"
"glwob","NikeCorporation","1975-2-7","Energy","UK","22","NO"
"lquttp","ReebolCorporation","1927-1-15","Healtcare","Russia","660","YES"
"rlsf","HPCorporation","1947-13-4","Semiconductors","China","149","NO"
"dmq","AdidasEnterprise","1937-1-16","Materials","Italy","849","NO"
"kcevkk","NikeHost","1954-9-9","Materials","UK","63","YES"
"nmyh","HospitalHost","2009-9-11","Industrials","Italy","570","NO"
"xcov","KFCEmpire","1934-4-27","Semiconductors","Russia","714","NO"
"mburp","PalantirGalactic","1942-12-18","Materials","China","666","NO"
"kkq","PalantirEnterprise","1927-3-10","Consumer Cyclical","USA","812","YES"
"mwheu","AMDGalactic","1913-5-29","Consumer Cyclical","China","433","YES"
"sdzaq","PalantirCorporation","1953-4-19","Industrials","Italy","196","NO"
"vwnp","AMDEmpire","1958-6-1","CommunicationServices","UK","772","NO"
"ztth","OrangeHolder","1956-2-13","Financial","UK","28","YES"
"wxmld","McDonaldsEnterprise","2012-1-28","Healtcare","Germany","895","NO"
"ees","OrangeCompany","1968-8-21","Technology","China","295","YES"
"fgmo","OrangeCompany","1943-8-12","Semiconductors","USA","133","NO"
"ptiej","MindalInc","1982-4-14","Healtcare","Germany","184","NO"
"hdvmdn","ReebolHost","1971-8-22","Technology","Japan","84","YES"
"osug","KFCEnterprise","2007-8-5","Technology","China","270","NO"
"itve","MouseEnterprise","1958-1-16","Consumer Cyclical","Japan","165","NO"
"mhkk","HuntingtonCompany","1902-13-27","Semiconductors","China","359","NO"
"myw","NickelEnterprise","1912-7-25","Energy","USA","102","YES"
"apwdmj","MeuzauInc","1953-6-31","Materials","USA","906","YES"
"msnbq","ToshibaGalactic","1975-12-2","Semiconductors","Japan","46","NO"
"kpw","LukoilHost","1922-4-18","Materials","Germany","131","NO"
"yka","HospitalEnterprise","1963-9-12","CommunicationServices","Germany","928","YES"
"flqtlu","LukoilGalactic","1927-2-13","CommunicationServices","Germany","11","NO"
"sopd","NickelHost","1997-10-7","Technology","France","190","YES"
"ydcd","JuiceInc","1925-2-1","Consumer Cyclical","China","151","YES"
"dvtzbl","NikeEnterprise","2010-9-28","Industrials","Germany","385","YES"
"ledxy","HospitalCorporation","1933-11-26","CommunicationServices","Japan","682","NO"
"rzgd","SimonHolder","1993-1-25","Energy","France","982","NO"
"lzhnpz","AmazonEmpire","1966-11-5","Technology","USA","776","NO"
"oxjpm","HuntingtonHolder","1913-6-5","Energy","Japan","339","YES"
"iaxus","NickelEnterprise","1955-12-31","CommunicationServices","Japan","512","NO"
"dsgd","AdidasCompany","2001-13-24","CommunicationServices","Germany","246","YES"
"pmu","AcerEnterprise","1915-6-14","Financial","France","943","YES"
"yyzdhc","BurgerKingGalactic","1930-8-14","Energy","France","390","YES"
"yuyp","NVIDIAHolder","1940-2-6","Healtcare","Japan","140","YES"
"kceva","MirrowGalactic","1954-4-13","CommunicationServices","Germany","874","YES"
"lfs","SamsungGalactic","1992-9-3","Energy","Italy","498","YES"
"ypbwlf","McDonaldsHost","2020-10-24","Financial","France","926","YES"
"llpj","AcerEmpire","1985-8-15","Healtcare","USA","513","NO"
"wqj","NLTHost","2010-3-23","Semiconductors","Germany","253","NO"
"ahwzhd","NLTHost","1938-12-12","CommunicationServices","Russia","436","NO"
"hozyeu","AsusEmpire","1949-2-10","Healtcare","USA","561","NO"
"dggb","MindalHolder","1915-10-7","Financial","France","880","YES"
"bzcju","VoxCompany","2017-13-14","Financial","Russia","543","NO"
"rnc","LukoilGalactic","1940-10-25","Consumer Cyclical","Russia","742","YES"
"zphft","BOSCHInc","1998-1-15","Technology","China","129","YES"
"ezu","AcerEmpire","1922-10-29","Industrials","Germany","398","YES"
"iygkfw","MarshalHost","1968-11-8","CommunicationServices","USA","798","NO"
"zim","JuiceEnterprise","1958-13-16","CommunicationServices","Germany","790","NO"
"hcsp","ReebolInc","1908-1-8","Technology","China","626","NO"
"lemdej","VoxHolder","2000-11-16","Healtcare","USA","494","NO"
"dcdzsy","SimonHolder","1934-2-21","Financial","Germany","648","YES"
"uag","MouseHost","1951-8-21","Healtcare","Russia","706","YES"
"yjbje","HuntingtonCorporation","2011-6-26","Consumer Cyclical","Russia","999","NO"
"mubq","SamsungHost","1934-10-28","Healtcare","Italy","631","NO"
"syzkp","VirginCompany","1920-12-8","Financial","UK","110","NO"
"dyf","NVIDIAEmpire","1953-5-4","Healtcare","UK","957","NO"
"lisgoy","MindalGalactic","1990-7-14","Consumer Cyclical","Germany","435","YES"
"agpt","LukoilHost","1919-13-23","Semiconductors","Italy","679","YES"
"wnidrr","AcerHost","1912-2-14","Semiconductors","France","8","NO"
"btwe","PalantirEnterprise","1964-12-24","Materials","USA","1000","NO"
"gnoz","VoxCorporation","1947-8-6","Financial","Japan","69","YES"
"neamtb","McDonaldsHost","1901-4-19","Industrials","Japan","323","NO"
"hlsurm","NLTEmpire","1978-9-14","Financial","UK","160","NO"
"fpfkt","AsusCorporation","1940-2-8","Consumer Cyclical","UK","471","NO"
"ymqziq","MaximEnterprise","1947-3-12","Consumer Cyclical","Russia","259","NO"
"vlnng","BurgerKingGalactic","1936-6-17","Industrials","France","142","YES"
"kuxol","AMDGalactic","1943-10-31","Semiconductors","Japan","590","YES"
"sjh","HuntingtonHolder","1941-5-21","Energy","Japan","554","NO"
"tyxzx","VirginCompany","1929-5-22","Materials","France","565","YES"
"hmqqpa","BOSCHInc","1974-3-21","Materials","Japan","976","YES"
"igximn","SberBankCorporation","1972-9-5","Materials","Japan","587","YES"
"boc","McDonaldsHolder","1913-10-12","Industrials","UK","100","YES"
"rdwbn","MindalHolder","1924-6-28","Technology","Russia","286","NO"
"tccmqd","TeslaEnterprise","1933-8-17","Semiconductors","France","247","NO"
"gvs","NikeEnterprise","2006-4-4","Industrials","USA","696","YES"
"pbn","TeslaCorporation","1990-1-23","Consumer Cyclical","France","896","NO"
"gcez","HospitalGalactic","2015-5-13","Industrials","China","751","NO"
"xvucj","AppleInc","1953-2-11","Technology","France","414","YES"
"hltn","NikeEnterprise","1965-1-22","Industrials","France","761","YES"
"gfio","NVIDIAHolder","1924-6-1","Financial","Germany","315","YES"
"zwvrvs","PalantirHolder","2004-8-15","Technology","Germany","657","YES"
"bdr","MindalInc","1941-1-26","Technology","China","595","YES"
"kspr","NickelGalactic","1929-12-30","CommunicationServices","Japan","841","NO"
"qimm","AcerCompany","1917-6-14","Energy","USA","617","NO"
"qfj","PapitaCorporation","1917-7-30","CommunicationServices","France","828","NO"
"irc","KFCCorporation","1918-11-4","Industrials","Germany","29","YES"
"krh","VirginGalactic","1961-3-25","Technology","Japan","195","NO"
"xmq","JuiceEnterprise","1956-10-2","Materials","Germany","699","YES"
"nssk","OrangeGalactic","1986-3-28","Industrials","China","76","YES"
"mkyrb","AMDHost","2006-3-12","Healtcare","Germany","806","NO"
"tvvyzr","PapitaEmpire","1915-6-10","Consumer Cyclical","Germany","888","NO"
"rbib","VoxInc","1925-11-1","Healtcare","Germany","497","NO"
"rizpe","BurgerKingInc","1978-9-28","Healtcare","China","7","YES"
"acqs","NLTGalactic","1907-13-9","Semiconductors","China","748","YES"
"yxooo","NLTEmpire","2000-11-12","Energy","UK","157","NO"
"fpyl","HospitalEnterprise","1955-3-20","Industrials","USA","685","YES"
"hiuoh","NVIDIACorporation","1969-9-29","Materials","Italy","583","NO"
"dqtl","AppleEmpire","1943-10-4","Industrials","Germany","418","NO"
"ryqkt","TeslaCompany","1967-10-25","Energy","UK","964","NO"
"huiqkk","BOSCHGalactic","1957-1-17","Financial","France","258","NO"
"vcww","AcerHost","1982-13-32","Financial","France","662","YES"
"gdi","VoxEnterprise","2004-2-1","Consumer Cyclical","USA","367","YES"
"lhecir","MaximHolder","1920-1-22","CommunicationServices","Russia","837","YES"
"lapirs","NikeGalactic","1997-9-3","Materials","USA","661","NO"
"bwh","VirginGalactic","1954-11-18","Consumer Cyclical","UK","582","YES"
"sojx","HospitalCompany","1970-10-26","Energy","UK","23","YES"
"ltkf","VirginHost","1980-3-23","Consumer Cyclical","Germany","155","YES"
"ahnt","AmazonEmpire","1975-12-25","Financial","Japan","368","YES"
"kwkcgv","NVIDIAInc","1939-4-10","Healtcare","France","303","YES"
"dkgpy","MirrowHost","1948-5-21","Consumer Cyclical","Japan","750","NO"
"gpizgf","SberBankHost","2003-7-11","Energy","China","453","NO"
"fgmfzy","ToshibaCompany","1902-1-15","Materials","Germany","857","NO"
"xwxplp","HuntingtonEmpire","1991-4-6","Industrials","USA","757","NO"
"bfqem","PalantirInc","1930-8-19","Consumer Cyclical","Germany","288","NO"
"zsg","JuiceHost","1974-8-23","Materials","France","503","NO"
"ceoakv","HuntingtonCorporation","1981-1-32","Industrials","UK","580","NO"
"pfx","AdidasHolder","1943-8-17","Healtcare","Russia","912","YES"
"cquztl","MirrowHolder","2009-12-32","Technology","Japan","939","NO"
"yzmfo","MouseGalactic","1952-12-31","Industrials","China","567","YES"
"cue","PalantirCompany","1940-4-25","Semiconductors","Russia","316","NO"
"sacggn","AlalaneGalactic","1970-11-8","Consumer Cyclical","Japan","864","NO"
"gxs","SimonHolder","1990-11-16","Technology","USA","175","YES"
"vfr","MirrowEnterprise","1991-10-4","Healtcare","Germany","611","YES"
"lla","HospitalCompany","1980-10-10","Semiconductors","UK","442","YES"
"vxs","MirrowCompany","1920-2-23","Industrials","UK","166","NO"
"trtr","MeuzauGalactic","1945-5-6","Semiconductors","USA","185","YES"
"tjxpgr","SamsungHost","1951-8-1","Financial","Germany","256","NO"
"ptx","MarshalGalactic","1900-7-32","Industrials","China","365","YES"
"fhjm","AppleEmpire","1946-9-1","Technology","Germany","406","YES"
"hvqkf","AmazonHost","1913-7-7","Industrials","UK","832","YES"
"kkexc","MeuzauGalactic","1907-12-4","CommunicationServices","Germany","845","YES"
"mfcoq","JuiceHost","1954-4-24","Technology","Russia","941","YES"
"rvai","LukoilEmpire","2019-3-13","Technology","France","281","NO"
"tixp","AsusEmpire","1927-13-20","Energy","Italy","282","NO"
"ead","VirginHolder","1954-2-19","Consumer Cyclical","Germany","950","NO"
"syiv","KFCHost","1991-9-31","Semiconductors","Italy","163","NO"
"bmcze","KFCHost","2001-11-25","Energy","Italy","588","NO"
"ilxl","MirrowCorporation","1935-6-15","Consumer Cyclical","Russia","213","YES"
"bfeb","MeuzauCorporation","2002-9-22","Energy","Japan","527","NO"
"gsvxts","VirginGalactic","1989-7-11","Consumer Cyclical","UK","954","YES"
"ueagr","BurgerKingGalactic","1948-2-19","CommunicationServices","UK","779","YES"
"enzjvs","NickelCompany","1915-8-8","Technology","France","563","YES"
"xolyz","BurgerKingCompany","1954-11-27","Energy","Italy","118","YES"
"hscmv","SamsungHost","1948-4-26","Financial","Germany","711","NO"
"ulp","SberBankCompany","2007-1-28","Semiconductors","Japan","946","YES"
"djq","AsusHost","1994-11-32","Materials","Russia","871","NO"
"dnjn","HospitalCorporation","1972-2-1","Healtcare","Italy","593","YES"
"gkwysl","BOSCHInc","1961-1-20","Semiconductors","France","758","YES"
"afrxvt","HPCompany","1913-8-10","Materials","France","854","YES"
"odwtxi","AlalaneCompany","1928-8-31","Consumer Cyclical","Germany","676","YES"
"ggdkzw","HospitalCorporation","1933-11-15","Semiconductors","UK","455","YES"
"jeew","AMDHolder","2015-2-13","Financial","China","24","NO"
"iknprm","LukoilCompany","1922-1-21","Industrials","Japan","577","YES"
"gah","NVIDIAGalactic","1928-6-15","Consumer Cyclical","France","533","YES"
"ojgf","JuiceInc","1930-4-7","CommunicationServices","Italy","737","NO"
"zgb","NVIDIACompany","1967-13-9","CommunicationServices","USA","168","NO"
"htrd","SimonHost","2009-13-8","Industrials","Japan","887","NO"
"qkscl","MicrosoftEnterprise","1967-5-10","Materials","UK","905","NO"
"qct","SberBankInc","1965-1-15","CommunicationServices","Japan","866","NO"
"ythwtr","TeslaCompany","1983-2-5","Industrials","UK","228","YES"
"exjv","HuntingtonCorporation","1986-4-31","Technology","Italy","968","NO"
"wcuns","AcerGalactic","1975-3-5","Healtcare","France","571","YES"
"wguhnt","HospitalEmpire","1967-10-3","Materials","USA","333","YES"
"gqfo","ToshibaHost","1933-10-30","Industrials","Italy","634","YES"
"xcykq","SberBankCorporation","2002-1-26","Financial","Japan","80","YES"
"gfduii","HuntingtonCompany","1965-4-19","Consumer Cyclical","Japan","557","NO"
"oghi","MouseCorporation","1966-8-1","Materials","France","690","YES"
"umkssa","HPEnterprise","1982-6-1","Consumer Cyclical","USA","800","NO"
"anb","AsusCorporation","1968-11-14","Energy","Russia","805","YES"
"uwgel","NickelCompany","1947-9-5","CommunicationServices","China","438","NO"
"mljsno","NVIDIACorporation","1990-5-14","Energy","Russia","9","NO"
"wxhjhx","PapitaCorporation","2003-7-18","Financial","Japan","410","NO"
"cbudj","AdidasCorporation","2002-11-6","Technology","Japan","531","YES"
"kzoatp","AlalaneEmpire","1904-11-1","Materials","Japan","403","YES"
"jpwb","McDonaldsCorporation","1988-1-1","Healtcare","China","608","YES"
"eutqze","AmazonInc","1960-4-31","Materials","UK","411","YES"
"zcifeu","OrangeInc","1914-10-23","Technology","Japan","448","NO"
"vac","TeslaHolder","1909-1-20","Technology","China","371","NO"
"txne","MaximInc","1967-9-7","Industrials","France","867","YES"
"nsybc","ReebolEnterprise","1958-13-19","Healtcare","Russia","702","YES"
"rzm","NVIDIAGalactic","1945-6-26","Industrials","USA","875","NO"
"smkzt","BOSCHInc","1954-5-4","Industrials","China","176","NO"
"gok","NickelCompany","1914-8-9","Materials","Russia","431","YES"
"bfvmbr","AcerCorporation","1918-13-8","Industrials","Germany","799","NO"
"wnnj","OrangeCompany","1950-5-2","Financial","Japan","209","NO"
"gky","BurgerKingCompany","1903-7-15","Energy","Germany","581","YES"
"kmrgnz","AmazonHolder","1933-13-11","Materials","France","336","YES"
"iwp","NickelGalactic","1902-11-28","Consumer Cyclical","France","47","NO"
"hgiuih","MindalInc","1951-1-5","Consumer Cyclical","USA","372","YES"
"abuqjs","SimonEmpire","1905-11-19","CommunicationServices","China","399","NO"
"jaylk","AdidasEnterprise","1918-7-15","Technology","Japan","564","NO"
"xcdo","BOSCHHolder","1934-3-12","Healtcare","UK","807","YES"
"cfr","NLTCorporation","1987-12-3","Consumer Cyclical","UK","134","YES"
"bseht","OrangeEnterprise","1949-7-5","Industrials","Italy","585","YES"
"nciun","MicrosoftCorporation","1930-12-17","Semiconductors","Italy","528","NO"
"wshjyv","PalantirGalactic","1997-10-12","Materials","UK","989","NO"
"uasrd","NLTInc","1992-10-19","Semiconductors","Russia","392","YES"
"gamz","BOSCHEmpire","1989-1-8","Technology","Italy","108","NO"
"ruzn","MarshalEnterprise","1992-5-5","Financial","Russia","422","NO"
"jefzwg","HPCorporation","1988-3-4","Consumer Cyclical","France","949","NO"
"ete","MindalInc","1953-12-31","Materials","Germany","21","NO"
"scvz","SamsungHolder","1962-11-27","Consumer Cyclical","UK","667","YES"
"bjesq","JuiceHolder","1969-1-13","Financial","China","92","YES"
"jns","HuntingtonHost","1989-8-14","Financial","China","428","NO"
"yftc","AlalaneEmpire","1953-7-21","Industrials","Germany","992","NO"
"lrxkpp","MarshalEnterprise","2003-3-5","Energy","UK","518","NO"
"lsjag","BOSCHEnterprise","1975-8-27","CommunicationServices","Italy","599","YES"
"bqgl","AlalaneGalactic","1902-11-26","Energy","USA","460","YES"
"cbg","MicrosoftEnterprise","1920-3-21","Energy","Germany","171","YES"
"osvyte","MindalEmpire","1934-5-22","Materials","Russia","49","YES"
"ifcbc","MaximInc","2010-1-29","Semiconductors","Italy","42","YES"
"cllov","AdidasInc","1974-8-8","Materials","France","704","YES"
"ydgf","McDonaldsInc","1963-1-13","Materials","UK","328","NO"
"pmmyj","OrangeHost","1937-13-7","CommunicationServices","USA","953","YES"
"kgqjgj","NickelCorporation","1991-8-25","Consumer Cyclical","UK","712","YES"
"taxdqy","VoxGalactic","1970-7-25","Consumer Cyclical","Russia","744","YES"
"ladzjt","McDonaldsEnterprise","1920-12-16","CommunicationServices","Italy","446","YES"
"abzp","McDonaldsCorporation","2021-4-15","Technology","USA","482","YES"
"mfr","AmazonEmpire","1998-5-29","Materials","Japan","222","YES"
"qkzszv","MicrosoftGalactic","1985-6-12","Industrials","China","68","NO"
"ovkdyy","OrangeGalactic","1903-3-4","Healtcare","Russia","633","NO"
"cekws","SberBankInc","1913-8-27","Technology","Italy","673","NO"
"cbatg","SimonInc","1938-5-16","Industrials","UK","419","YES"
"fuiz","SamsungCorporation","1993-6-11","Industrials","Russia","89","YES"
"yzcr","VirginEmpire","2006-11-2","Healtcare","France","294","NO"
"tvmc","SberBankHolder","1953-1-17","Materials","France","104","NO"
"ogaumn","AmazonEmpire","1906-7-3","Materials","Japan","821","YES"
"dywklq","NikeInc","1968-3-24","Materials","Russia","210","YES"
"rul","VoxCorporation","1931-11-14","Semiconductors","China","205","YES"
"sanrt","MirrowCorporation","2000-10-31","Semiconductors","Japan","400","YES"
"aqsm","SamsungGalactic","1976-5-28","Technology","Germany","138","YES"
"oxjpfz","MindalHolder","1947-3-21","Financial","USA","814","YES"
"frmcz","VoxCompany","1992-2-5","Technology","USA","292","YES"
"jsa","AmazonCompany","1905-10-22","Consumer Cyclical","Italy","94","YES"
"qxjm","LukoilEnterprise","1941-4-4","Energy","USA","192","YES"
"upgx","NikeGalactic","1921-3-26","Materials","UK","300","NO"
"qhikh","VirginEnterprise","1926-6-7","Healtcare","Japan","601","YES"
"sglon","SimonHost","1972-13-8","Consumer Cyclical","France","833","NO"
"sda","AmazonEmpire","1957-5-14","Consumer Cyclical","Russia","804","NO"
"ngd","AlalaneEnterprise","1948-11-3","Semiconductors","USA","85","YES"
"pct","MaximInc","1964-3-8","CommunicationServices","France","716","NO"
"bwbifb","AsusHost","1953-7-25","Materials","China","836","NO"
"bti","OrangeCompany","1925-5-1","CommunicationServices","France","973","YES"
"ivkmw","OrangeInc","1930-1-1","CommunicationServices","USA","65","YES"
"wauy","ToshibaInc","1944-5-10","Consumer Cyclical","China","589","NO"
"puoak","HPCorporation","1935-10-17","Healtcare","France","45","YES"
"kqepbk","MouseCorporation","1988-7-27","Materials","China","900","NO"
"hsvgns","NikeCompany","2005-9-23","CommunicationServices","China","212","NO"
"esvjhn","MarshalGalactic","1954-2-29","Semiconductors","Japan","797","NO"
"cypp","VoxEmpire","1931-10-4","Energy","France","852","YES"
"smeeva","JuiceEmpire","1926-10-24","Materials","China","423","NO"
"smgvh","HuntingtonHolder","1993-2-12","Healtcare","Germany","369","NO"
"taimcw","MirrowEnterprise","1980-6-2","Healtcare","Japan","789","YES"
"lza","OrangeCorporation","2001-1-21","Technology","Japan","538","NO"
"phnnmd","AcerEmpire","1901-7-20","Consumer Cyclical","China","426","NO"
"quxspm","PalantirHost","1924-6-8","Energy","Italy","572","YES"
"mvo","VoxHolder","2010-12-24","Energy","Italy","502","YES"
"sxyzi","MeuzauHost","1917-6-16","Financial","Italy","101","YES"
"wqiybz","AsusHost","1952-6-5","Financial","Japan","373","YES"
"jxu","SimonGalactic","2009-4-13","Healtcare","USA","579","NO"
"kqbhm","PalantirEmpire","1986-9-10","Semiconductors","China","183","YES"
"szdzzt","AmazonCompany","2004-9-9","Semiconductors","UK","727","YES"
"pcynp","MaximHost","2012-3-5","Consumer Cyclical","UK","60","YES"
"url","HPInc","1969-3-26","Materials","Italy","429","YES"
"gzg","AcerEmpire","1947-3-12","Semiconductors","Russia","652","NO"
"chd","MouseCorporation","1901-2-4","Industrials","Japan","544","YES"
"uzea","AMDHost","2019-4-3","Materials","UK","566","NO"
"sxhi","NVIDIACorporation","2020-8-10","Consumer Cyclical","China","194","NO"
"qdxvmv","JuiceHost","1936-12-19","Energy","Germany","38","NO"
"bopogr","SamsungCorporation","1983-11-9","Materials","Russia","299","YES"
"tvxhhz","AlalaneEnterprise","1922-2-3","Healtcare","France","692","NO"
"tul","NickelEmpire","1976-3-18","Technology","Italy","606","YES"
"onmjjd","AppleHost","1955-6-28","Industrials","France","693","NO"
"hqguv","ReebolHost","1968-8-3","Healtcare","USA","506","NO"
"agj","SamsungCorporation","1909-12-24","Financial","France","959","YES"
"mdeh","LukoilEmpire","2019-5-13","Financial","USA","70","NO"
"zyyqnl","MicrosoftEmpire","1920-10-20","CommunicationServices","Russia","607","NO"
"aykz","HospitalGalactic","1942-3-4","Consumer Cyclical","China","645","NO"
"frtrgv","AlalaneCorporation","1933-3-22","Materials","UK","621","YES"
"gdheu","AsusHost","1955-11-30","Consumer Cyclical","Italy","929","NO"
"bjanv","KFCEmpire","1927-9-8","Financial","Russia","264","YES"
"feq","TeslaInc","1908-13-29","CommunicationServices","Germany","384","YES"
"jdycw","AcerCorporation","1925-8-11","Financial","UK","736","NO"
"jhal","AsusCorporation","2012-1-25","Industrials","France","988","NO"
"fnzaya","MouseEnterprise","2014-1-27","Industrials","China","739","YES"
"dvd","ReebolEnterprise","1913-4-19","Semiconductors","UK","275","YES"
"dgx","MouseHost","1927-9-17","Healtcare","UK","51","YES"
"sib","SimonHost","2001-1-19","Energy","Russia","605","YES"
"futh","McDonaldsGalactic","2009-10-7","Energy","Japan","509","YES"
"wesx","AmazonEmpire","1946-5-13","Healtcare","Russia","402","NO"
"hptath","SimonCompany","1954-6-32","Technology","Germany","79","NO"
"xmma","VoxEmpire","2009-10-7","Semiconductors","France","217","YES"
"utf","MaximGalactic","1951-2-20","CommunicationServices","USA","458","NO"
"oac","LukoilHost","2021-7-28","Semiconductors","Russia","552","NO"
"nbcm","BOSCHGalactic","1980-1-26","Materials","Italy","135","YES"
"pnyo","TeslaCorporation","1970-13-14","Semiconductors","Italy","33","YES"
"emx","VirginEmpire","1988-10-13","Consumer Cyclical","UK","701","NO"
"rsyu","AdidasCompany","1924-9-28","Energy","Japan","618","YES"
"dmcvks","AcerCorporation","1929-13-28","Financial","China","745","NO"
"wnjzhf","MarshalInc","2016-3-10","Semiconductors","China","956","YES"
"hamuax","AcerInc","1903-3-6","Industrials","Russia","997","YES"
"btwk","MeuzauHolder","1994-12-20","Financial","USA","73","NO"
"pue","OrangeCompany","1908-9-9","Technology","USA","862","YES"
"rzou","MeuzauGalactic","1949-7-29","Healtcare","Italy","791","NO"
"cjahdg","SamsungInc","1901-12-20","Industrials","Germany","901","YES"
"neq","McDonaldsCorporation","1978-1-8","CommunicationServices","China","106","YES"
"ediy","SberBankHost","1938-13-17","CommunicationServices","Italy","348","NO"
"sxi","NickelCorporation","1977-10-29","Materials","Japan","951","YES"
"pfj","AppleInc","1966-13-7","Healtcare","Germany","876","NO"
"zocd","McDonaldsHolder","1906-10-17","Technology","France","334","YES"
"yblgi","AcerGalactic","1952-13-29","Materials","Japan","823","YES"
"lmdx","MicrosoftCorporation","1988-2-15","Semiconductors","Italy","260","YES"
"oyfdg","TeslaCorporation","1967-5-12","CommunicationServices","Russia","615","NO"
"eci","AppleCorporation","2012-9-30","Financial","China","489","YES"
"ctrkhi","MicrosoftCompany","2000-7-18","Consumer Cyclical","France","728","NO"
"ayx","MarshalEnterprise","1943-6-27","Industrials","UK","415","YES"
"bkacli","BOSCHEmpire","1918-7-18","Technology","Russia","749","YES"
"uwgct","HuntingtonEnterprise","1985-8-3","Financial","Italy","553","NO"
"idafg","VoxEnterprise","2012-12-22","CommunicationServices","Germany","556","NO"
"odrns","PapitaCorporation","2020-9-14","Technology","Germany","66","NO"
"aqryu","McDonaldsInc","1922-4-24","Semiconductors","Russia","44","YES"
"jrixd","NikeGalactic","1954-6-16","Materials","USA","405","NO"
"qlljii","BOSCHCorporation","1995-12-17","CommunicationServices","France","211","YES"
"isgp","AmazonGalactic","1950-13-22","Materials","Russia","150","NO"
"rrkvi","HospitalEnterprise","1978-11-2","Healtcare","Germany","574","YES"
"vug","OrangeHost","1957-11-17","Semiconductors","Russia","724","NO"
"ity","SimonCorporation","1908-12-17","CommunicationServices","Germany","830","YES"
"vajd","MicrosoftEmpire","1910-11-2","Industrials","France","974","YES"
"vpm","MaximHolder","1990-12-16","Semiconductors","France","56","NO"
"ldpiv","AppleCompany","1907-12-26","CommunicationServices","Italy","619","NO"
"vtuz","TeslaEmpire","1992-3-1","Healtcare","France","677","NO"
"rgc","LukoilInc","2014-10-4","Financial","USA","381","NO"
"whhgn","PapitaEnterprise","2006-9-28","Consumer Cyclical","France","308","NO"
"bqhub","SimonEmpire","2013-2-31","Consumer Cyclical","Italy","846","NO"
"zmn","HospitalGalactic","2019-8-17","Semiconductors","UK","139","YES"
"eqez","PalantirCompany","1901-2-24","Semiconductors","Japan","977","NO"
"ecynf","AcerCorporation","1911-2-7","Technology","USA","382","YES"
"jcu","JuiceInc","1969-8-15","CommunicationServices","Germany","891","YES"
"xpwv","BOSCHCorporation","1993-11-4","Energy","France","688","NO"
"oamyvs","MindalEnterprise","1939-9-6","Energy","France","877","YES"
"knde","JuiceHost","1968-7-28","Materials","UK","932","YES"
"mhvr","AdidasEnterprise","1965-7-32","Healtcare","France","960","YES"
"ttq","SimonHolder","2009-8-20","Energy","Japan","206","NO"
"thzgd","BOSCHHolder","2008-9-19","Financial","Japan","236","NO"
"nlthns","McDonaldsInc","1965-9-6","CommunicationServices","Japan","40","YES"
"rnw","ToshibaHolder","1962-11-7","Technology","Japan","586","YES"
"vect","McDonaldsInc","1961-13-30","Materials","Germany","119","NO"
"wehuat","AmazonEnterprise","1994-5-1","Energy","China","983","NO"
"urg","NLTCompany","1929-8-9","Financial","Germany","732","YES"
"wawd","ToshibaGalactic","1919-5-14","Industrials","UK","18","NO"
"lomkf","KFCHost","1904-4-4","Technology","Germany","858","YES"
"ypdgy","HospitalHolder","1923-10-8","Semiconductors","Russia","995","NO"
"kkjq","PapitaInc","1948-8-29","Materials","Japan","388","YES"
"teok","TeslaEmpire","1916-4-2","Industrials","UK","278","NO"
"xfk","MeuzauHolder","1989-11-19","Materials","USA","550","YES"
"rzcwy","PapitaGalactic","1907-9-26","Healtcare","Italy","427","YES"
"kdboz","MarshalCorporation","1963-6-22","Healtcare","France","320","NO"
"nnip","TeslaEnterprise","1970-7-5","Consumer Cyclical","Japan","120","NO"
"xdfo","AsusEnterprise","1976-13-30","Industrials","Germany","934","YES"
"rzuiu","OrangeInc","1915-8-29","Semiconductors","UK","116","YES"
"odb","SamsungCorporation","2011-2-12","Financial","France","71","NO"
"hvxf","AlalaneEmpire","1993-4-6","Consumer Cyclical","USA","251","NO"
"kviulq","BurgerKingGalactic","2018-9-8","Technology","China","226","YES"
"zvdp","AMDEmpire","1992-5-25","Semiconductors","UK","109","YES"
"phj","MarshalHost","1964-8-9","Materials","Japan","43","NO"
"ifid","HPEmpire","1956-2-14","Energy","France","107","NO"
"ghfnr","VirginCorporation","1923-2-21","CommunicationServices","China","214","YES"
"wmva","OrangeCompany","1947-1-19","CommunicationServices","France","472","YES"
"yfxhvg","NVIDIAGalactic","1942-8-7","Semiconductors","China","822","YES"
"zckuwd","VoxCompany","1928-5-10","Materials","France","765","NO"
"dscd","NVIDIACorporation","1946-5-20","Industrials","Germany","88","NO"
"uguxqc","ReebolCompany","1954-10-29","Materials","USA","651","YES"
"hvaqob","MirrowEmpire","1988-6-6","Materials","China","536","NO"
"jmsmqt","OrangeHost","1963-11-13","Materials","Italy","741","NO"
"hjdbha","ToshibaHolder","1916-10-7","Semiconductors","USA","304","NO"
"rcwhl","MaximHost","1913-4-23","Consumer Cyclical","Russia","99","YES"
"cnkkt","OrangeInc","1939-13-17","Materials","UK","17","YES"
"aeiw","VoxInc","1985-7-13","Industrials","UK","713","YES"
"edw","MindalGalactic","1903-10-16","CommunicationServices","Russia","490","YES"
"pddqxr","NVIDIAGalactic","1945-1-8","Energy","China","5","YES"
"vfd","SimonEmpire","2001-1-8","Financial","Germany","840","NO"
"rprcck","ReebolInc","2005-2-24","Materials","USA","963","NO"
"ajizsh","SimonEmpire","1959-4-17","Industrials","Germany","792","YES"
"zytqmx","AcerHolder","1908-13-28","Consumer Cyclical","USA","421","YES"
"ifg","MeuzauCompany","1957-10-14","CommunicationServices","Russia","456","YES"
"uin","HospitalInc","1978-12-13","Healtcare","Italy","969","NO"
"qmt","NLTGalactic","1927-5-22","Industrials","Italy","466","YES"
"brfvn","JuiceInc","1927-13-4","Technology","Japan","975","NO"
"gavd","MirrowEmpire","1914-6-29","Semiconductors","China","136","NO"
"wqrpb","KFCEmpire","1982-3-25","Consumer Cyclical","UK","663","NO"
"qyn","SimonInc","1902-11-18","Technology","Japan","268","NO"
"qhj","PalantirHost","1923-4-27","Industrials","UK","838","NO"
"habfpw","MindalInc","1934-4-7","Technology","UK","507","NO"
"xrowgk","SimonHost","1918-12-13","Industrials","Germany","174","NO"
"wjy","ToshibaEnterprise","1930-3-4","Industrials","China","697","YES"
"sywwat","AppleEnterprise","1932-10-6","Financial","Germany","380","YES"
"avd","MindalEmpire","1999-8-16","Industrials","Japan","407","NO"
"plfgvs","MindalCorporation","1906-10-15","Financial","Russia","762","NO"
"xsdz","ReebolHost","1964-5-18","Materials","Russia","898","YES"
"hxb","TeslaCompany","1917-2-30","Financial","Japan","249","YES"
"fhpqq","VoxGalactic","1926-5-27","Healtcare","Japan","998","YES"
"mbazdm","OrangeCorporation","1953-1-1","Financial","Italy","715","NO"
"qopm","MaximHolder","1932-10-8","Consumer Cyclical","Japan","332","YES"
"wsbkj","MirrowHost","1976-7-24","Technology","Russia","825","NO"
"zvqtin","BurgerKingCorporation","2014-1-19","Industrials","China","965","NO"
"yqcnb","VirginEmpire","1934-12-5","Materials","Russia","632","NO"
"orwkde","TeslaHolder","1941-10-19","Semiconductors","Germany","111","YES"
"mgif","BurgerKingInc","1948-13-16","Semiconductors","Italy","637","NO"
"wbzsp","ReebolHost","1909-5-7","CommunicationServices","Japan","915","NO"
"itxhe","NLTHolder","1973-9-30","Materials","China","383","NO"
"wdiahw","MindalCorporation","1962-13-23","Technology","USA","64","YES"
"wokqu","TeslaCorporation","2011-12-20","Healtcare","Germany","694","NO"
"pspxu","AlalaneCorporation","1928-5-25","Consumer Cyclical","UK","200","YES"
"zgnk","HospitalEmpire","1905-11-4","Consumer Cyclical","France","909","YES"
"rdo","MarshalInc","1923-8-10","Consumer Cyclical","Italy","485","NO"
"dukzk","PapitaEnterprise","1950-2-22","Semiconductors","Japan","412","NO"
"erkf","MaximCompany","1975-12-7","Semiconductors","USA","938","YES"
"bnnrf","VoxEnterprise","1978-1-24","Energy","Russia","986","NO"
"tsj","SberBankInc","1987-4-5","CommunicationServices","Russia","241","NO"
"exl","AlalaneHolder","1906-9-27","CommunicationServices","Japan","263","YES"
"kqfwz","TeslaCompany","1951-13-15","Technology","Japan","391","YES"
"okdxno","MaximCompany","1926-3-19","CommunicationServices","China","32","NO"
"eevfg","MouseCompany","1924-1-28","Energy","Italy","311","NO"
"hcy","PalantirGalactic","1911-6-17","Consumer Cyclical","UK","930","NO"
"vviiri","AsusCorporation","1951-12-25","Energy","China","642","YES"
"tydcr","SimonHost","1997-10-5","Financial","Russia","855","NO"
"ilqyku","PapitaCompany","1990-3-11","Materials","UK","441","YES"
"rsp","HospitalInc","1940-2-32","Energy","Japan","703","YES"
"gluf","VirginEnterprise","1987-1-10","Materials","France","897","NO"
"ffopf","AppleCorporation","1989-2-31","Industrials","USA","250","NO"
"cqb","MirrowCorporation","1928-9-10","CommunicationServices","Russia","598","NO"
"eczxvo","AmazonCompany","1955-13-8","Semiconductors","Italy","434","YES"
"icgfv","AmazonCompany","2015-10-32","Technology","UK","616","NO"
"hyh","AsusHolder","2016-5-7","Industrials","Italy","636","NO"
"zpjnc","NVIDIACompany","1971-7-22","Consumer Cyclical","Japan","613","YES"
"zyiee","TeslaEnterprise","1990-3-19","Semiconductors","China","16","YES"
"mth","SamsungHolder","1960-10-14","Healtcare","UK","924","NO"
"vcuqxy","LukoilEnterprise","1983-10-14","Energy","Germany","13","NO"
"hrenr","MaximEnterprise","1952-11-1","Energy","UK","357","YES"
"prhx","SimonInc","1978-4-24","Energy","France","873","NO"
"wcdenq","BOSCHEmpire","1905-8-32","Consumer Cyclical","USA","245","YES"
"nudfua","NikeGalactic","1959-1-32","Technology","UK","575","YES"
"znuiq","PalantirCorporation","1957-4-24","Technology","China","309","YES"
"zsxpe","MirrowCompany","1978-9-20","Energy","Germany","850","NO"
"chxzbf","NVIDIACompany","1944-6-8","Semiconductors","USA","824","NO"
"ddk","SberBankHolder","1987-12-14","Energy","Italy","818","YES"
"bfue","SberBankEmpire","1900-7-15","Semiconductors","Germany","48","YES"
"ytn","NickelInc","1913-7-13","Consumer Cyclical","USA","189","YES"
"lrq","ToshibaCorporation","1946-1-17","Technology","USA","394","NO"
"rhruh","PapitaCorporation","1933-3-14","Consumer Cyclical","Russia","759","NO"
"bpcno","MeuzauEmpire","1942-11-4","Technology","France","555","NO"
"xqmt","KFCHolder","1953-13-20","Industrials","UK","158","NO"
"hjbeed","MicrosoftCorporation","1943-9-14","CommunicationServices","China","161","YES"
"gmbz","PalantirHost","1993-4-27","Industrials","Japan","296","YES"
"pbzpl","AcerCompany","1936-7-6","CommunicationServices","Russia","775","YES"
"atruu","SimonCorporation","1908-4-6","CommunicationServices","China","517","YES"
"lgudxu","MindalCompany","1954-12-3","CommunicationServices","China","931","YES"
"iszeqc","ReebolInc","2017-1-12","Consumer Cyclical","China","899","YES"
"tlzs","McDonaldsEmpire","1965-7-21","Healtcare","UK","687","YES"
"shxvl","NickelInc","1999-11-24","Healtcare","China","638","NO"
"tkufk","NVIDIAHolder","1950-6-31","Semiconductors","France","340","YES"
"blizb","MouseCompany","1998-12-5","Energy","UK","330","YES"
"pttels","VoxCorporation","1909-8-5","Healtcare","UK","907","YES"
"rtg","HuntingtonCompany","1925-10-27","Industrials","UK","515","NO"
"tfa","NVIDIAInc","1975-3-12","Energy","Japan","913","NO"
"aldw","JuiceGalactic","1959-8-2","Semiconductors","Italy","540","NO"
"xlxgcq","AdidasGalactic","1976-1-25","Industrials","USA","902","NO"
"uvxnwp","PapitaEmpire","2021-6-8","Semiconductors","France","271","NO"
"tgb","PalantirCompany","1920-11-25","Technology","Germany","2","NO"
"vrdiy","SimonHost","1921-9-29","CommunicationServices","Japan","675","YES"
"quuv","MicrosoftEnterprise","1909-3-5","Healtcare","UK","936","NO"
"ozrrm","VoxHost","1981-12-15","Materials","Russia","233","NO"
"snibi","AsusEnterprise","1959-6-21","Healtcare","France","234","YES"
"anq","MirrowHolder","2003-4-17","Consumer Cyclical","Germany","787","YES"
"ymgxuq","BOSCHEmpire","1988-7-4","Consumer Cyclical","China","93","YES"
"wgtqz","MarshalHost","1937-10-1","Industrials","Italy","413","NO"
"osm","VoxCorporation","2006-3-7","Industrials","USA","524","NO"
"rkeu","ReebolCompany","1993-7-16","Energy","Italy","127","NO"
"cmlfdq","HuntingtonGalactic","2002-5-22","Technology","USA","558","YES"
"ilgjj","SimonHost","1926-7-10","Industrials","Japan","350","NO"
"vtjo","HuntingtonGalactic","1969-12-22","Materials","Italy","475","YES"
"ivdypd","ReebolEmpire","1909-7-22","Technology","UK","753","YES"
"qvzwro","MindalHolder","2000-5-15","Materials","Italy","834","YES"
"horkaa","LukoilEnterprise","1907-6-24","Technology","Germany","958","YES"
"nxnx","MirrowEmpire","1988-8-8","Semiconductors","Japan","199","YES"
"mtfqq","MindalEmpire","2005-2-32","Consumer Cyclical","Italy","467","NO"
"vegnpy","PapitaEmpire","1990-4-25","Financial","USA","345","YES"
"skwdig","MaximEmpire","1988-12-27","Materials","Italy","829","YES"
"hyuo","MouseInc","1907-5-27","Financial","Russia","813","YES"
"pbua","TeslaHost","1974-6-9","CommunicationServices","China","722","YES"
"xzbqp","AmazonCorporation","1959-5-25","CommunicationServices","Italy","349","YES"
"nimkf","McDonaldsHolder","1977-7-24","Financial","Russia","164","YES"
"btek","MicrosoftCorporation","1929-8-16","Financial","Russia","72","NO"
"limd","PapitaHolder","2013-10-20","Materials","China","355","YES"
"ddcfc","MicrosoftCorporation","1933-12-14","Energy","Japan","257","YES"
"ojqmv","ReebolCompany","2009-5-1","Semiconductors","Russia","803","YES"
"ewzei","NVIDIAEnterprise","1903-9-11","Materials","France","204","NO"
"hmabui","OrangeGalactic","1989-4-6","Technology","China","484","NO"
"nhmgga","HospitalCompany","1997-9-22","Financial","Italy","291","YES"
"kyfkeq","AMDHost","1993-7-21","Healtcare","USA","198","NO"
"mxeyvz","SimonEmpire","1911-8-20","Energy","Germany","985","YES"
"cyjrz","AppleEnterprise","1990-10-32","Semiconductors","China","420","YES"
"movb","SimonHolder","1978-7-3","Industrials","Japan","972","YES"
"naws","OrangeEnterprise","1917-8-27","Consumer Cyclical","Italy","886","NO"
"cvzr","HuntingtonGalactic","1987-6-28","Financial","Germany","218","NO"
"ard","ReebolInc","1942-13-8","Financial","China","530","NO"
"flgmh","BurgerKingEnterprise","1960-2-2","Financial","UK","361","NO"
"ccag","AsusCompany","1920-3-32","Technology","Italy","766","YES"
"xox","AsusInc","1909-4-8","Financial","Japan","826","YES"
"fjbxp","HospitalCorporation","2006-4-31","Consumer Cyclical","Italy","459","YES"
"mlkmr","TeslaCorporation","1963-12-9","Financial","Japan","827","YES"
"pnbr","MaximHolder","2013-8-32","Technology","Germany","283","NO"
"ommlpo","NickelHolder","1933-9-11","Consumer Cyclical","Italy","705","YES"
"bdtpvu","SimonGalactic","1907-10-28","Materials","Italy","337","NO"
"dyipo","SberBankCompany","1958-12-29","Materials","UK","680","NO"
"psbvt","ReebolHost","1942-7-2","Technology","France","293","YES"
"iifa","AlalaneHolder","1935-8-23","Healtcare","Russia","689","YES"
"cmciy","HospitalCompany","1928-10-19","Technology","China","810","NO"
"onqcqn","TeslaEmpire","1916-6-25","Financial","Japan","649","YES"
"gfkdmz","AcerEnterprise","1909-12-5","Financial","Italy","314","NO"
"cbqu","MarshalHost","1952-8-3","Materials","Russia","893","NO"
"pgjwy","NVIDIACompany","1947-7-9","Healtcare","Germany","483","YES"
"bibzr","MouseCompany","1945-6-17","Industrials","UK","237","NO"
"sikql","ToshibaGalactic","1983-3-4","Consumer Cyclical","UK","774","YES"
"roczps","HospitalGalactic","1987-13-11","Energy","Russia","545","NO"
"thtw","NVIDIACompany","1908-10-11","Semiconductors","USA","266","YES"
"hljgyy","SimonInc","1968-7-24","Consumer Cyclical","Italy","468","YES"
"ogsskz","NikeEnterprise","1975-1-3","Healtcare","Russia","57","YES"
"jkg","AsusEnterprise","1996-4-1","Materials","China","802","YES"
"fcbvn","SimonHolder","1932-6-26","Financial","Russia","124","NO"
"lpmmpd","SberBankCompany","1969-3-28","Financial","UK","221","YES"
"piyzx","McDonaldsEmpire","1995-3-26","Financial","USA","627","NO"
"etp","MicrosoftCompany","2007-9-26","CommunicationServices","USA","496","YES"
"zmgff","AcerHost","1900-6-19","Energy","Russia","154","NO"
"aejvd","NLTEnterprise","1931-9-10","Financial","France","717","YES"
"afcm","HospitalCorporation","1978-10-8","Industrials","Italy","113","NO"
"afmq","VoxHolder","1914-1-12","Energy","China","486","YES"
"gckce","MouseInc","2010-5-18","Semiconductors","China","656","YES"
"zoxpt","MeuzauCorporation","1941-4-6","Consumer Cyclical","Germany","344","NO"
"heemq","SamsungCompany","1905-13-28","Healtcare","Russia","224","YES"
"ojeuu","VoxCorporation","2011-10-2","Semiconductors","UK","878","YES"
"enh","BurgerKingEmpire","1964-10-12","CommunicationServices","China","374","NO"
"akwqz","ReebolGalactic","2007-8-10","Financial","USA","747","YES"
