"Jorge","90","1959-12-2","M","Germany","294"
"Ivan","19","1990-10-16","M","USA","111"
"Alina","71","1952-9-6","M","UK","559"
"Ksenia","87","1958-11-14","F","China","734"
"Ivan","53","1961-8-16","M","France","380"
"Ivan","30","1918-12-16","F","Germany","564"
"Pavel","20","1987-10-2","F","France","107"
"Alina","92","2001-13-20","M","Germany","493"
"Alina","85","1983-5-19","M","Japan","836"
"Vitalik","30","2021-12-29","M","China","50"
"Ivan","46","1921-7-28","M","Italy","37"
"Jorge","51","1946-3-26","M","USA","427"
"Anton","24","1938-2-17","M","Japan","615"
"Vitalik","66","1938-9-11","M","USA","404"
"Ksenia","56","2020-6-9","M","UK","751"
"Igor","29","1953-13-23","M","Japan","869"
"Jorge","77","1981-8-23","F","Italy","585"
"Maria","84","1920-1-29","F","Germany","215"
"Jonh","33","1934-1-29","F","Germany","993"
"Anton","82","1963-2-18","M","China","355"
"Alina","29","1907-13-7","M","Russia","350"
"Jorge","81","2021-4-18","F","France","868"
"Maria","79","1969-12-17","M","UK","573"
"Igor","91","1924-1-11","M","Russia","199"
"Pavel","41","1940-2-9","F","UK","707"
"Vitalik","80","1960-7-6","M","USA","322"
"Maria","40","1943-5-31","F","Germany","398"
"Jorge","82","2011-11-20","M","China","381"
"Jonh","37","1931-2-8","M","UK","742"
"Vitalik","48","1909-1-18","M","China","6"
"Jorge","77","1937-5-12","M","Italy","330"
"Igor","43","1915-13-7","M","Russia","748"
"Ksenia","34","1908-11-19","F","China","171"
"Jorge","34","1903-7-21","M","Germany","799"
"Vitalik","28","2010-11-20","F","China","444"
"Anton","74","1940-1-29","F","Japan","567"
"Ivan","74","1926-10-18","M","Japan","344"
"Vitalik","57","1914-3-7","M","France","489"
"Igor","49","1983-9-17","M","Germany","873"
"Alina","87","1933-2-22","M","China","697"
"Igor","74","1944-13-27","M","Russia","220"
"Igor","48","1941-1-31","M","Russia","256"
"Alina","67","2018-3-31","F","Germany","530"
"Jorge","40","1970-13-11","F","USA","593"
"Jorge","63","1964-12-23","F","Japan","824"
"Maria","75","1968-4-25","F","Italy","916"
"Jonh","65","1914-9-15","M","UK","497"
"Anton","70","1940-2-25","F","Russia","738"
"Pavel","28","2015-12-31","F","Japan","45"
"Ksenia","63","1940-13-31","F","Japan","391"
"Vitalik","43","2021-9-5","M","Germany","269"
"Anton","81","2006-11-20","F","Russia","830"
"Ksenia","59","1924-9-1","M","Italy","645"
"Anton","55","1930-3-9","M","Russia","211"
"Igor","50","1918-1-32","F","Germany","549"
"Alina","89","1930-6-27","M","France","166"
"Alina","53","1995-6-11","F","China","575"
"Jonh","74","1985-2-5","F","Germany","709"
"Jorge","73","2012-3-2","F","China","443"
"Jonh","46","1983-10-12","F","Italy","277"
"Maria","81","1900-3-25","M","UK","394"
"Igor","78","1963-3-21","M","Japan","250"
"Maria","59","1985-11-21","F","Japan","417"
"Jonh","72","1905-5-20","F","USA","420"
"Jonh","67","1966-5-6","M","Russia","765"
"Anton","85","1957-10-19","M","France","651"
"Maria","50","1962-11-2","F","France","293"
"Jorge","25","1943-3-18","F","China","397"
"Ksenia","87","1979-4-9","M","Japan","638"
"Vitalik","46","1960-2-4","F","UK","470"
"Alina","76","1908-12-10","F","USA","367"
"Igor","91","1966-4-13","M","China","477"
"Ksenia","52","1918-12-12","M","USA","424"
"Ivan","42","1948-11-32","F","Japan","828"
"Maria","81","1969-2-31","M","France","518"
"Jorge","33","1984-3-23","F","USA","66"
"Pavel","59","1905-9-16","F","France","385"
"Maria","77","1992-7-7","M","France","455"
"Ksenia","20","1904-6-13","F","Italy","936"
"Vitalik","72","1943-12-15","M","Japan","183"
"Ivan","77","1972-3-12","F","UK","93"
"Maria","56","1938-12-10","F","Germany","218"
"Pavel","63","1955-9-24","M","Italy","580"
"Ksenia","72","1941-7-14","F","USA","995"
"Anton","71","1913-5-26","F","UK","726"
"Maria","21","1926-10-12","M","UK","91"
"Maria","26","1985-10-20","F","UK","649"
"Anton","22","2010-3-14","M","Italy","628"
"Ivan","78","2011-6-32","F","France","947"
"Jorge","60","2012-9-12","M","Japan","163"
"Alina","60","1900-1-6","F","UK","60"
"Maria","68","2008-12-26","M","USA","174"
"Pavel","86","1968-5-24","F","UK","664"
"Anton","63","1997-10-26","M","UK","475"
"Maria","90","1957-13-26","M","Italy","611"
"Vitalik","40","1911-8-24","M","Italy","100"
"Alina","82","1915-6-26","F","USA","268"
"Ivan","57","1923-8-25","M","Russia","717"
"Jonh","34","1977-3-20","M","France","771"
"Ivan","50","1994-2-32","M","USA","439"
"Maria","66","1985-12-23","M","China","619"
"Vitalik","82","1932-3-25","F","UK","853"
"Maria","74","1947-2-1","M","Japan","108"
"Anton","51","1921-10-30","F","France","197"
"Jorge","82","1914-6-6","F","Japan","324"
"Igor","88","2003-8-30","F","Russia","342"
"Igor","55","1925-5-16","M","Germany","12"
"Pavel","87","1926-7-24","F","Japan","244"
"Ivan","90","2002-11-15","M","UK","985"
"Ksenia","28","1980-6-1","F","Japan","16"
"Pavel","37","1958-5-31","M","Japan","499"
"Igor","54","1910-2-23","F","USA","850"
"Alina","86","1948-4-10","M","USA","802"
"Maria","40","1997-4-7","M","China","285"
"Jonh","87","1980-4-16","M","UK","474"
"Anton","82","1919-11-7","M","Germany","284"
"Anton","57","1997-6-8","F","France","134"
"Maria","67","1971-9-15","F","Germany","930"
"Anton","73","1950-2-8","M","Germany","258"
"Ivan","65","1976-3-11","M","Russia","471"
"Anton","59","1908-9-7","F","Germany","519"
"Maria","44","1922-1-25","M","Japan","553"
"Maria","40","2008-10-32","F","UK","415"
"Ksenia","58","1991-10-21","F","USA","848"
"Anton","22","1914-4-20","F","Germany","578"
"Maria","77","1989-8-20","F","UK","768"
"Pavel","73","1965-7-20","F","Italy","590"
"Alina","78","1908-13-31","M","France","61"
"Ivan","76","1901-4-13","M","UK","279"
"Igor","56","2002-1-13","M","Japan","894"
"Jorge","82","1972-7-28","F","Japan","513"
"Jonh","35","2004-4-25","F","Japan","675"
"Igor","41","2004-9-1","M","UK","851"
"Pavel","76","1993-7-12","F","China","462"
"Igor","63","1974-9-18","F","France","774"
"Jonh","82","1975-9-20","F","UK","162"
"Ksenia","70","1974-3-22","M","France","620"
"Vitalik","88","1963-8-2","M","UK","750"
"Anton","91","1919-1-18","M","Italy","605"
"Ksenia","69","1977-13-25","F","France","262"
"Vitalik","82","1964-8-16","F","Japan","414"
"Pavel","63","1984-7-29","M","USA","520"
"Alina","24","1916-2-13","F","Germany","602"
"Jorge","45","1915-11-17","M","China","552"
"Igor","82","1997-9-32","F","Japan","152"
"Igor","18","1929-7-16","F","Italy","778"
"Ivan","38","1955-12-27","M","USA","821"
"Jonh","45","2000-4-31","M","Russia","90"
"Jonh","82","2007-10-29","M","Japan","527"
"Igor","81","1931-9-23","M","USA","898"
"Igor","30","1922-3-26","F","Germany","374"
"Maria","87","2019-10-1","M","Italy","506"
"Igor","42","1908-10-11","M","Japan","531"
"Igor","21","2004-9-4","F","France","737"
"Anton","19","1979-3-1","M","France","335"
"Vitalik","92","1946-5-27","M","UK","299"
"Ivan","88","1953-10-4","M","UK","235"
"Jonh","80","2005-5-21","F","UK","887"
"Jorge","64","1979-9-12","F","UK","401"
"Ksenia","79","1927-2-5","M","Japan","639"
"Ivan","38","1996-12-23","M","France","583"
"Jorge","21","2019-1-9","M","Russia","544"
"Jonh","38","2004-7-6","F","Italy","145"
"Alina","51","1979-4-4","M","UK","181"
"Vitalik","33","1935-1-11","M","Germany","144"
"Ivan","86","2015-5-15","M","China","142"
"Anton","38","1965-10-27","M","Germany","36"
"Ksenia","67","1952-6-21","M","China","668"
"Maria","42","1922-7-26","F","USA","173"
"Jorge","53","1918-11-3","M","UK","983"
"Alina","68","1939-8-18","M","Italy","155"
"Jorge","57","2020-9-3","F","USA","387"
"Pavel","38","1959-12-25","M","UK","133"
"Vitalik","56","1946-6-15","F","USA","353"
"Igor","29","1967-13-22","M","UK","27"
"Jonh","25","1915-7-29","M","USA","386"
"Jorge","74","1943-1-3","M","Russia","561"
"Jorge","42","2007-1-10","F","Italy","243"
"Jorge","36","2015-1-18","F","Italy","500"
"Igor","65","1968-2-4","F","Italy","672"
"Jorge","77","2006-2-17","F","Russia","722"
"Vitalik","60","1954-1-7","M","France","95"
"Jorge","50","1958-2-13","M","Russia","912"
"Anton","52","2009-8-20","F","UK","811"
"Ivan","35","1917-6-21","F","China","505"
"Alina","68","1983-1-24","F","Germany","273"
"Jonh","78","1944-13-24","F","Germany","468"
"Igor","72","1922-5-32","M","UK","673"
"Maria","90","1913-9-10","M","France","855"
"Igor","40","1929-6-24","M","China","467"
"Pavel","28","1916-7-26","F","China","723"
"Pavel","55","1986-6-19","F","Italy","281"
"Jorge","31","1982-1-22","F","Germany","891"
"Alina","67","1911-6-15","F","Italy","241"
"Jorge","46","1939-10-24","M","Russia","75"
"Jonh","40","1975-12-19","M","Japan","896"
"Anton","60","1940-3-10","M","USA","151"
"Maria","80","1955-4-1","M","France","338"
"Alina","42","1940-5-8","M","Japan","402"
"Alina","28","1931-13-4","M","Germany","129"
"Anton","56","1928-5-14","M","Germany","185"
"Maria","84","2020-12-4","M","USA","307"
"Maria","70","1996-7-16","M","Japan","319"
"Alina","87","1979-2-18","M","UK","630"
"Pavel","48","2016-10-27","F","Germany","998"
"Anton","44","2004-9-5","F","Germany","323"
"Igor","47","1995-1-6","F","France","337"
"Jorge","70","1995-5-11","F","China","32"
"Ksenia","24","1980-10-10","F","Germany","747"
"Ivan","28","2011-3-22","M","France","437"
"Pavel","35","1952-9-19","M","Russia","865"
"Anton","49","1962-11-18","F","Italy","849"
"Alina","51","1967-1-4","F","Japan","627"
"Vitalik","22","2007-12-7","M","Germany","128"
"Pavel","71","1913-3-15","F","China","648"
"Igor","51","1959-3-25","F","Russia","963"
"Jonh","84","1915-6-12","F","Russia","885"
"Jorge","26","1951-3-21","M","UK","340"
"Pavel","61","1997-6-20","M","USA","114"
"Alina","85","1944-11-6","F","Italy","143"
"Ksenia","24","1973-2-27","M","USA","368"
"Vitalik","20","2015-12-2","M","USA","730"
"Jorge","35","1940-8-18","M","Russia","34"
"Alina","40","1962-12-31","M","Russia","579"
"Ksenia","28","1924-10-31","M","USA","373"
"Anton","74","1942-5-20","F","Russia","78"
"Pavel","34","2015-9-4","F","USA","503"
"Ksenia","46","1969-9-1","M","Germany","964"
"Jonh","75","1973-10-16","M","USA","712"
"Ivan","85","1973-2-25","M","UK","482"
"Ivan","91","1931-7-2","F","China","784"
"Jorge","44","1986-1-13","M","Germany","26"
"Jorge","30","2020-5-17","M","USA","815"
"Alina","55","1986-4-4","F","France","186"
"Pavel","60","1985-8-7","M","China","889"
"Alina","42","2013-12-30","F","China","713"
"Vitalik","89","2000-5-26","M","Japan","792"
"Ivan","44","1992-13-32","M","China","300"
"Alina","68","1943-11-19","F","France","359"
"Jorge","42","1935-12-18","F","Italy","845"
"Jorge","69","1967-6-25","M","Italy","601"
"Ksenia","70","1939-4-8","F","Russia","556"
"Alina","65","1983-10-23","M","China","837"
"Ksenia","42","2003-10-30","F","Germany","20"
"Maria","70","2016-8-13","M","France","7"
"Ivan","18","1906-6-15","M","China","720"
"Maria","42","1905-3-23","M","Germany","826"
"Alina","20","1974-4-15","F","Japan","48"
"Jonh","69","2021-4-25","M","Germany","629"
"Pavel","27","1952-12-30","M","France","550"
"Ivan","26","1937-6-12","F","Italy","203"
"Anton","63","2018-2-25","F","France","301"
"Igor","33","1987-12-1","M","Germany","261"
"Vitalik","27","2000-3-26","F","China","167"
"Alina","47","1900-1-26","F","Italy","791"
"Anton","33","1986-4-16","M","Japan","954"
"Pavel","76","1994-10-11","F","Italy","172"
"Ksenia","79","1990-11-31","F","Russia","396"
"Igor","88","1959-12-18","M","France","278"
"Alina","39","1960-5-18","F","Germany","318"
"Vitalik","79","1980-6-24","F","Japan","719"
"Maria","63","1907-5-10","F","Russia","861"
"Alina","27","1953-10-14","F","China","558"
"Alina","87","1999-1-13","M","Germany","626"
"Pavel","44","1906-7-13","M","Japan","568"
"Ksenia","74","1907-3-2","M","Germany","314"
"Alina","61","2014-11-18","F","China","213"
"Vitalik","76","1994-4-20","F","China","511"
"Alina","63","1999-1-1","F","China","542"
"Jonh","28","1914-3-21","M","USA","219"
"Jorge","27","1907-12-19","M","China","363"
"Vitalik","70","1987-11-22","M","USA","694"
"Igor","58","2014-4-16","F","France","935"
"Jonh","54","1990-8-24","M","UK","801"
"Jorge","44","2013-12-25","M","UK","286"
"Vitalik","54","1983-11-10","F","USA","84"
"Igor","50","1940-5-30","F","USA","932"
"Pavel","29","1976-8-6","M","USA","58"
"Pavel","25","2011-1-18","M","France","422"
"Pavel","88","1965-9-12","M","USA","728"
"Alina","62","1970-2-29","M","Japan","49"
"Maria","64","1975-8-26","M","Italy","762"
"Igor","30","1935-7-21","F","China","938"
"Pavel","36","1990-8-15","F","UK","484"
"Jorge","62","1911-7-24","F","UK","188"
"Jonh","40","2009-1-24","F","China","421"
"Vitalik","67","1932-4-26","M","France","271"
"Igor","84","1943-10-12","M","Italy","948"
"Ksenia","85","1956-10-17","M","UK","702"
"Pavel","55","1940-12-2","F","France","658"
"Vitalik","52","1977-4-20","F","Germany","349"
"Igor","21","2000-1-10","F","Italy","267"
"Igor","51","1930-8-5","F","USA","317"
"Ksenia","72","1964-4-26","M","Russia","599"
"Jonh","92","2014-12-13","M","UK","5"
"Jonh","23","1985-8-31","M","France","81"
"Alina","92","1961-6-4","F","Russia","625"
"Pavel","56","1998-11-16","F","Russia","555"
"Anton","56","1922-9-15","M","Japan","809"
"Vitalik","21","1944-4-20","M","USA","736"
"Pavel","74","1916-9-24","M","Russia","854"
"Vitalik","85","1995-11-32","M","Italy","584"
"Anton","83","2015-6-15","M","France","759"
"Maria","90","1985-8-23","M","Russia","448"
"Ivan","77","1971-10-11","M","China","430"
"Igor","83","1923-13-23","F","UK","193"
"Maria","81","1900-10-5","M","China","313"
"Pavel","41","2014-5-7","F","Germany","781"
"Jonh","35","1994-13-25","F","Russia","502"
"Igor","57","2001-8-7","M","China","408"
"Alina","64","1976-11-7","M","France","328"
"Alina","64","1987-3-9","M","Germany","755"
"Vitalik","84","1960-13-31","F","France","295"
"Jonh","24","1991-6-15","M","China","504"
"Ivan","39","1978-11-29","M","France","435"
"Pavel","46","1985-11-21","F","Germany","336"
"Vitalik","55","1913-13-22","M","Italy","656"
"Anton","88","2018-7-26","M","Italy","137"
"Ivan","77","1976-4-12","M","China","259"
"Vitalik","40","1963-7-29","F","France","973"
"Maria","84","2016-12-32","F","Italy","532"
"Jonh","90","1966-8-14","M","China","8"
"Jonh","29","1911-5-26","M","Russia","773"
"Vitalik","40","1944-13-24","M","UK","767"
"Igor","78","1909-13-32","M","USA","665"
"Jonh","91","1902-10-18","F","USA","764"
"Maria","24","2012-13-17","F","USA","743"
"Igor","21","1956-6-2","M","Japan","288"
"Anton","29","1949-2-22","F","Russia","535"
"Ksenia","85","1945-5-31","F","Russia","741"
"Maria","37","2006-8-3","M","France","480"
"Ivan","43","2001-4-5","M","Japan","40"
"Ksenia","39","1944-12-29","F","China","146"
"Igor","82","1968-13-15","F","Italy","458"
"Alina","67","1919-1-30","M","USA","204"
"Maria","74","1928-9-17","M","France","596"
"Alina","47","2003-10-14","F","China","560"
"Maria","72","1985-12-26","F","Germany","794"
"Vitalik","84","1937-12-30","F","UK","924"
"Jorge","75","2017-8-23","F","USA","986"
"Maria","19","2002-10-25","M","Germany","548"
"Vitalik","24","1902-7-27","F","UK","572"
"Igor","74","1984-5-3","M","Germany","523"
"Anton","89","1979-2-31","M","France","364"
"Ivan","76","1970-5-19","F","Russia","856"
"Ivan","51","2019-12-29","M","Japan","10"
"Alina","73","1906-4-11","M","USA","451"
"Jorge","92","1954-3-26","F","UK","113"
"Ivan","50","1979-9-5","M","Germany","377"
"Vitalik","51","1908-12-31","M","Russia","370"
"Jorge","60","1959-9-1","M","USA","38"
"Alina","43","1900-11-12","F","Russia","607"
"Jonh","24","1974-5-31","F","USA","980"
"Igor","82","1985-8-18","M","Germany","488"
"Anton","39","1921-12-15","F","UK","931"
"Igor","26","2003-1-21","M","Russia","232"
"Alina","62","1930-5-20","M","Russia","967"
"Alina","69","1936-9-30","F","USA","194"
"Pavel","73","2018-10-16","M","USA","971"
"Vitalik","64","1955-1-6","F","USA","972"
"Pavel","48","2004-3-15","F","France","76"
"Pavel","75","2001-13-23","M","UK","360"
"Maria","79","1944-13-30","F","Italy","616"
"Jorge","69","1989-7-23","M","UK","138"
"Jorge","64","1922-13-17","M","Russia","970"
"Ivan","79","1919-4-21","M","Russia","586"
"Ksenia","65","1905-13-2","F","Japan","67"
"Maria","74","1997-2-5","M","USA","141"
"Jorge","34","1915-6-32","M","Russia","909"
"Anton","75","2001-13-19","F","USA","960"
"Ivan","89","2015-4-29","M","Russia","205"
"Ksenia","53","1915-3-4","M","Japan","223"
"Pavel","24","1993-11-18","M","UK","170"
"Igor","80","1927-3-26","F","Japan","320"
"Ksenia","50","1987-4-32","M","China","591"
"Jonh","46","1971-11-31","F","Germany","977"
"Igor","37","1911-6-2","M","China","436"
"Vitalik","87","1964-13-17","M","UK","757"
"Jonh","74","1911-5-10","F","USA","369"
"Alina","59","1921-7-4","M","Japan","820"
"Jonh","53","1956-12-32","M","Germany","42"
"Pavel","29","2004-11-10","M","Japan","522"
"Alina","35","1983-12-18","F","Italy","818"
"Anton","85","1936-6-15","M","Germany","253"
"Ksenia","48","1961-13-21","M","Japan","264"
"Jonh","90","1980-9-3","M","Japan","308"
"Jorge","53","1948-9-18","F","Italy","147"
"Jonh","72","1915-2-10","M","UK","671"
"Anton","43","1912-8-26","M","Germany","224"
"Jonh","51","1997-10-7","F","France","30"
"Jonh","55","1970-4-9","F","France","515"
"Maria","27","2019-5-19","M","China","949"
"Igor","79","1975-8-17","M","Germany","635"
"Ivan","29","1979-7-14","F","UK","239"
"Igor","73","1915-2-3","F","Russia","919"
"Igor","70","2008-2-13","M","Japan","327"
"Jonh","58","1911-1-25","M","Italy","14"
"Jorge","71","1991-8-24","F","USA","571"
"Pavel","44","1906-10-24","F","Italy","653"
"Jonh","53","1946-13-12","M","France","603"
"Jonh","91","1939-5-10","M","France","423"
"Pavel","71","1903-9-26","F","Russia","881"
"Maria","27","1967-4-16","M","Russia","274"
"Igor","77","1920-8-30","M","China","884"
"Pavel","32","1989-1-21","F","China","745"
"Igor","84","2014-2-28","F","USA","228"
"Pavel","40","1967-4-23","M","Germany","641"
"Vitalik","50","1969-2-2","M","France","225"
"Ksenia","77","1999-4-27","F","Russia","941"
"Pavel","42","2009-10-20","M","Russia","805"
"Maria","53","1917-13-24","F","Japan","692"
"Alina","79","1974-2-14","M","USA","950"
"Vitalik","77","1940-11-20","F","France","254"
"Alina","51","1900-7-26","F","China","928"
"Anton","79","1972-8-2","M","UK","872"
"Maria","72","1911-8-4","M","Italy","485"
"Anton","22","2017-4-14","M","China","942"
"Jorge","63","1973-6-6","M","Italy","677"
"Anton","90","1957-11-27","F","Italy","432"
"Jonh","34","2007-9-25","M","France","406"
"Ivan","21","1994-10-13","M","Russia","534"
"Ksenia","83","1977-6-30","F","Italy","479"
"Ksenia","32","1999-6-13","M","USA","841"
"Pavel","20","2012-11-21","M","Japan","701"
"Igor","30","1913-6-2","F","China","866"
"Pavel","51","1982-5-31","M","France","901"
"Vitalik","56","1918-8-3","M","Russia","732"
"Vitalik","32","1985-3-28","F","China","831"
"Jonh","68","2016-4-26","M","Italy","613"
"Vitalik","83","1928-10-3","F","Germany","464"
"Alina","21","2009-7-19","F","Italy","969"
"Pavel","28","2019-13-28","M","China","687"
"Ivan","39","1924-9-14","M","Italy","354"
"Alina","75","2017-1-29","F","Japan","246"
"Anton","50","1946-7-15","M","Italy","28"
"Pavel","69","1967-8-32","M","Italy","642"
"Jorge","38","1994-3-28","F","Russia","577"
"Alina","63","1991-1-20","F","Italy","724"
"Pavel","47","1966-8-12","M","France","226"
"Ksenia","45","1933-6-20","M","Germany","395"
"Ivan","28","1987-9-13","M","Germany","863"
"Vitalik","83","2021-1-21","F","France","543"
"Jorge","87","1937-5-4","M","UK","297"
"Jorge","80","1942-12-8","F","Italy","265"
"Ivan","24","1990-11-20","M","Japan","481"
"Jorge","80","1969-1-22","F","France","189"
"Jonh","75","1940-3-1","M","China","191"
"Ivan","60","1918-11-20","M","China","35"
"Maria","27","1988-13-12","M","USA","966"
"Maria","28","1905-6-5","M","France","569"
"Jonh","55","1947-7-27","M","UK","65"
"Jonh","20","1909-5-7","M","UK","310"
"Vitalik","51","1930-2-13","M","Japan","968"
"Maria","36","1935-10-31","M","Germany","699"
"Alina","55","1913-5-24","F","Germany","110"
"Maria","32","1912-7-6","M","Germany","276"
"Ivan","65","1904-12-19","F","France","399"
"Maria","87","2008-7-12","F","Russia","115"
"Jonh","78","1927-10-7","F","France","21"
"Ivan","75","1905-5-18","M","USA","703"
"Maria","37","1982-12-5","F","USA","77"
"Anton","78","1937-3-24","M","Japan","693"
"Jorge","74","1960-3-31","M","Italy","797"
"Jorge","36","2017-2-22","M","Japan","597"
"Vitalik","22","1954-1-4","M","Russia","358"
"Igor","87","1992-8-17","M","Germany","595"
"Igor","54","1918-11-22","M","Japan","97"
"Jorge","69","1957-13-1","M","China","139"
"Anton","41","1975-2-19","M","Italy","769"
"Alina","19","1945-7-1","M","Japan","566"
"Ivan","59","1965-13-29","M","Germany","249"
"Ivan","61","1913-13-14","F","France","827"
"Alina","34","1960-7-12","M","China","447"
"Vitalik","29","2016-9-12","M","Italy","347"
"Anton","31","2017-6-9","F","France","72"
"Ivan","53","1930-12-25","M","France","1"
"Jorge","88","1961-7-24","F","China","212"
"Pavel","34","1927-4-26","M","France","375"
"Vitalik","73","1936-11-18","M","France","731"
"Pavel","79","1971-5-13","M","Japan","609"
"Anton","83","1988-11-23","F","UK","893"
"Vitalik","70","1994-5-15","M","China","9"
"Pavel","33","1996-9-8","M","Russia","918"
"Ksenia","72","2011-7-9","M","France","442"
"Ivan","43","1901-2-5","F","Italy","618"
"Ksenia","59","1936-3-8","M","Italy","925"
"Ksenia","80","1936-13-11","M","Italy","800"
"Maria","69","1973-6-25","F","Italy","770"
"Igor","59","1947-4-22","M","Russia","833"
"Anton","36","1961-8-28","M","China","999"
"Ivan","90","1977-13-14","F","France","904"
"Pavel","18","1962-4-21","M","Russia","326"
"Jorge","57","1971-9-1","M","Italy","210"
"Pavel","30","1914-3-8","M","Japan","316"
"Ksenia","24","1931-1-9","F","France","779"
"Pavel","72","1905-10-26","F","France","109"
"Ivan","58","2007-7-5","F","Japan","895"
"Maria","61","1901-7-27","M","China","389"
"Igor","53","1901-8-16","F","Italy","754"
"Igor","90","2020-1-17","M","Russia","655"
"Jonh","42","1921-11-9","M","France","996"
"Jonh","66","1946-5-29","F","Russia","939"
"Jonh","41","2010-1-21","F","UK","105"
"Jonh","20","1923-13-25","F","Japan","478"
"Vitalik","26","2010-11-25","F","France","683"
"Alina","30","1990-12-30","F","USA","425"
"Maria","86","1939-6-26","M","Russia","62"
"Alina","27","1949-10-23","M","Japan","910"
"Jonh","69","1992-11-21","F","USA","923"
"Anton","67","1970-5-26","M","Russia","785"
"Alina","35","2020-8-10","M","China","652"
"Maria","79","1977-4-14","F","Russia","661"
"Pavel","88","1977-3-22","F","Italy","545"
"Alina","53","1931-1-19","M","Japan","674"
"Ivan","23","1957-7-5","M","France","426"
"Jonh","37","1957-5-15","M","Russia","79"
"Alina","92","1926-2-5","M","Russia","678"
"Pavel","39","1960-1-7","F","USA","890"
"Ksenia","46","1977-7-26","F","China","305"
"Ksenia","36","1984-9-3","M","Italy","858"
"Maria","56","1920-9-3","M","Italy","202"
"Ksenia","73","1982-2-30","M","Italy","130"
"Igor","55","1969-12-20","F","USA","64"
"Alina","88","1938-2-31","F","Russia","233"
"Anton","91","1902-12-11","M","USA","1000"
"Jonh","59","1984-11-32","M","France","526"
"Ivan","76","1914-12-6","F","Japan","341"
"Vitalik","58","2003-9-22","F","China","608"
"Vitalik","36","1931-3-31","F","China","356"
"Ksenia","21","2007-7-29","F","USA","238"
"Ksenia","61","1946-12-4","F","Russia","457"
"Jonh","67","1990-8-28","M","Japan","376"
"Ksenia","39","1918-4-28","M","China","636"
"Ksenia","54","1947-1-9","M","China","650"
"Alina","29","1956-1-30","F","China","438"
"Ivan","88","1959-6-18","M","Japan","303"
"Ivan","68","1973-1-26","F","UK","594"
"Jorge","29","1968-9-22","F","Russia","176"
"Pavel","59","1992-2-16","F","China","454"
"Vitalik","88","2011-2-14","F","Japan","409"
"Anton","33","1900-4-12","F","Japan","962"
"Ivan","72","1937-3-24","M","Japan","997"
"Anton","55","1920-9-8","M","UK","640"
"Alina","69","2002-8-14","F","France","637"
"Anton","27","1993-9-12","F","France","981"
"Ksenia","67","1997-3-14","F","Japan","71"
"Anton","36","1943-7-22","M","China","538"
"Ksenia","45","2007-10-25","M","France","252"
"Maria","76","1958-9-29","M","Italy","4"
"Jonh","72","1953-5-21","F","Germany","413"
"Ksenia","88","1924-12-24","F","Germany","469"
"Alina","59","1985-1-9","M","UK","684"
"Igor","21","1932-11-14","M","China","321"
"Jorge","63","1982-1-18","M","Italy","883"
"Jonh","57","1910-2-11","M","Italy","880"
"Igor","60","1969-3-29","F","Russia","507"
"Pavel","69","1974-11-32","F","China","864"
"Ksenia","20","1911-12-8","F","USA","839"
"Ksenia","26","2001-8-12","M","USA","877"
"Anton","55","1935-2-17","M","USA","371"
"Pavel","68","1921-11-32","M","Japan","860"
"Igor","33","2000-12-4","F","Russia","207"
"Jorge","84","2000-13-28","M","France","979"
"Ksenia","34","2002-12-29","M","UK","70"
"Ivan","84","1908-12-14","M","USA","982"
"Maria","39","1906-3-27","F","Japan","136"
"Maria","36","1927-3-25","M","Italy","165"
"Anton","76","2012-13-29","F","Germany","857"
"Igor","85","1925-4-21","M","China","216"
"Ivan","67","1902-13-27","M","Russia","682"
"Jonh","75","1909-8-2","F","Germany","946"
"Jorge","64","1934-13-7","M","Russia","201"
"Jonh","49","1955-4-12","M","China","733"
"Anton","61","1956-6-32","F","Italy","472"
"Jonh","31","1917-1-24","F","Italy","525"
"Vitalik","47","1962-11-13","F","Russia","2"
"Maria","31","2013-5-22","F","Germany","428"
"Ivan","42","1931-5-28","F","UK","3"
"Jonh","78","1938-4-13","F","Russia","680"
"Jonh","37","1935-8-8","M","UK","657"
"Ksenia","39","1920-5-14","F","USA","879"
"Alina","60","1940-4-21","M","France","164"
"Igor","51","1933-6-26","M","USA","725"
"Pavel","86","1964-12-4","F","France","688"
"Igor","85","1929-10-16","F","Germany","23"
"Anton","81","1982-12-20","M","Italy","245"
"Pavel","91","1984-9-7","M","USA","900"
"Maria","38","2017-12-10","M","Italy","521"
"Ivan","47","1984-7-20","M","Russia","789"
"Vitalik","50","1927-6-22","M","Germany","843"
"Alina","46","1909-9-3","M","UK","17"
"Anton","44","1964-13-12","M","UK","958"
"Alina","67","1989-2-1","F","Germany","449"
"Jorge","70","1961-4-12","M","China","332"
"Ksenia","91","1994-7-8","F","Italy","711"
"Ivan","64","1927-11-21","M","France","198"
"Igor","37","1959-12-30","F","France","911"
"Jorge","59","1936-13-30","M","China","494"
"Vitalik","57","1927-4-16","F","Russia","410"
"Vitalik","69","1980-3-30","F","Germany","445"
"Ksenia","58","1958-6-20","M","Japan","929"
"Jonh","90","2015-2-2","F","Germany","822"
"Jorge","37","1954-8-5","M","Italy","974"
"Anton","63","1995-12-25","F","France","119"
"Anton","74","1962-5-24","F","UK","921"
"Ksenia","56","1944-4-16","M","China","945"
"Maria","55","1977-10-3","M","Italy","106"
"Jorge","63","2014-5-2","M","Italy","257"
"Ksenia","44","1977-10-17","F","China","988"
"Igor","34","1972-12-14","F","USA","844"
"Vitalik","52","1967-1-4","F","France","393"
"Jorge","52","1914-1-17","M","UK","452"
"Vitalik","70","1947-5-23","F","Italy","888"
"Anton","65","1906-8-27","M","Russia","705"
"Jonh","55","1902-1-19","F","Germany","459"
"Alina","73","1931-12-19","F","France","343"
"Jonh","58","1932-13-28","F","Japan","621"
"Vitalik","39","2017-8-3","M","Russia","612"
"Igor","75","1946-5-20","F","USA","94"
"Anton","34","1932-11-6","M","France","990"
"Igor","20","1959-11-10","F","Germany","465"
"Igor","77","1942-3-5","M","UK","54"
"Ivan","57","2000-1-8","M","China","516"
"Vitalik","31","1976-11-14","F","Russia","59"
"Maria","51","1911-11-7","F","Russia","812"
"Ksenia","24","1946-1-20","F","UK","905"
"Igor","32","1967-7-29","M","Germany","989"
"Ivan","92","1945-1-15","F","China","984"
"Ivan","84","1994-10-28","F","France","992"
"Ksenia","30","1965-10-32","F","UK","312"
"Alina","61","1901-13-17","F","China","120"
"Maria","89","1931-10-27","M","Japan","122"
"Anton","80","2009-6-23","F","USA","670"
"Igor","56","1927-1-28","F","Japan","125"
"Ksenia","89","1950-13-16","F","UK","643"
"Vitalik","47","1931-2-29","M","France","562"
"Ivan","37","1954-8-8","F","China","82"
"Pavel","72","2011-6-3","F","Germany","760"
"Anton","29","1964-7-13","M","Germany","814"
"Jonh","22","1978-8-21","F","Italy","914"
"Ivan","49","1917-13-6","M","Japan","714"
"Ivan","69","1983-3-11","M","Italy","581"
"Ksenia","46","1903-8-25","M","USA","69"
"Pavel","21","1945-4-23","F","Russia","498"
"Maria","44","1938-9-26","F","USA","149"
"Vitalik","63","1999-9-12","M","Italy","222"
"Pavel","81","1919-1-12","M","France","160"
"Vitalik","26","1920-12-4","F","Japan","365"
"Pavel","44","2002-2-11","M","Japan","52"
"Vitalik","22","1980-7-26","F","Germany","686"
"Igor","23","1975-7-3","M","USA","746"
"Ksenia","80","2003-3-13","F","Italy","614"
"Jonh","23","1955-10-17","F","France","927"
"Vitalik","69","1946-1-17","M","Japan","184"
"Anton","82","1969-3-13","M","Germany","400"
"Jorge","80","2011-9-24","F","USA","756"
"Jorge","87","2021-5-8","M","France","214"
"Alina","36","1943-5-24","M","Germany","823"
"Ksenia","91","2003-4-11","F","China","943"
"Jorge","84","1945-12-14","F","France","758"
"Igor","82","2006-7-4","M","UK","334"
"Ivan","62","1910-11-8","M","Germany","53"
"Anton","41","1935-1-8","M","Germany","965"
"Jorge","64","1910-13-3","M","China","331"
"Igor","85","1960-6-7","F","Japan","433"
"Pavel","67","1919-13-29","F","UK","333"
"Pavel","70","1966-1-15","F","China","862"
"Jonh","92","2019-1-15","M","Russia","587"
"Igor","54","1934-9-11","M","France","63"
"Maria","82","1959-13-14","M","China","495"
"Jonh","21","1941-3-1","M","USA","383"
"Vitalik","37","1945-7-27","F","France","835"
"Anton","48","2015-12-18","M","Japan","388"
"Igor","92","1937-9-19","M","China","667"
"Jorge","55","1918-6-6","F","France","33"
"Ivan","28","1904-9-31","F","Italy","57"
"Maria","41","1947-6-6","F","UK","892"
"Ivan","44","1995-13-23","F","USA","512"
"Ivan","73","1907-12-23","F","China","304"
"Ksenia","45","2005-4-29","F","Russia","660"
"Ksenia","69","1995-8-17","M","Japan","124"
"Alina","32","1908-1-29","M","France","177"
"Jonh","88","1953-9-28","F","Germany","570"
"Vitalik","64","1919-5-14","M","UK","306"
"Anton","39","1937-8-16","F","Italy","975"
"Anton","18","1997-4-18","M","UK","790"
"Vitalik","76","1990-7-32","F","Japan","600"
"Igor","53","2016-13-7","M","Germany","727"
"Ksenia","31","1905-4-11","F","Germany","260"
"Anton","20","1911-9-7","F","Japan","39"
"Igor","84","1986-6-26","F","France","466"
"Ivan","70","1932-3-8","M","Germany","429"
"Jorge","31","1983-3-32","M","China","908"
"Igor","45","1959-4-30","M","France","540"
"Ksenia","61","1947-6-25","M","China","89"
"Jorge","27","1970-11-30","F","France","492"
"Jonh","84","1999-11-23","M","China","378"
"Ivan","52","1991-2-31","F","USA","86"
"Vitalik","61","1913-9-20","M","Germany","875"
"Ksenia","84","2007-10-8","M","Germany","116"
"Jonh","30","2003-11-4","M","USA","150"
"Pavel","36","2020-12-29","M","UK","131"
"Maria","69","1962-13-10","M","USA","715"
"Vitalik","25","1938-11-15","F","UK","463"
"Alina","79","1911-6-2","F","France","175"
"Jorge","65","1928-6-15","F","Japan","179"
"Ivan","62","1977-8-8","M","France","159"
"Pavel","68","1981-5-20","F","UK","644"
"Maria","28","1991-7-12","F","Italy","345"
"Jonh","24","1954-3-28","M","France","706"
"Jonh","59","1975-13-20","M","UK","85"
"Ivan","33","1905-8-9","F","UK","329"
"Pavel","64","2011-10-10","F","Russia","782"
"Anton","63","1953-4-16","F","China","740"
"Jorge","89","1977-5-10","F","Italy","407"
"Ivan","80","1930-10-28","F","Japan","847"
"Ivan","61","1924-7-11","F","Germany","876"
"Jonh","27","1943-11-20","F","Russia","440"
"Ksenia","33","2015-13-27","F","Italy","906"
"Vitalik","35","1945-1-8","F","China","718"
"Jonh","30","2010-12-32","F","Italy","783"
"Anton","68","1966-4-31","M","Germany","302"
"Pavel","31","1907-8-18","F","USA","88"
"Ivan","87","2018-1-4","M","UK","976"
"Ivan","65","1965-7-5","F","Japan","739"
"Anton","19","1916-13-32","F","France","926"
"Anton","91","1957-6-31","M","France","280"
"Pavel","55","1987-6-12","F","USA","617"
"Pavel","65","1932-1-12","M","Germany","825"
"Ivan","35","1978-10-29","F","France","416"
"Ksenia","18","1954-11-22","M","France","298"
"Ksenia","19","2021-8-16","F","Russia","878"
"Alina","25","1901-5-15","F","China","18"
"Vitalik","28","1990-10-31","F","Germany","574"
"Vitalik","66","1965-13-26","M","China","157"
"Anton","31","2008-11-28","F","France","290"
"Ivan","74","2010-6-3","F","Russia","632"
"Alina","65","1945-2-5","M","Germany","744"
"Ksenia","72","1997-6-1","F","China","103"
"Ksenia","36","1904-4-24","F","Russia","351"
"Pavel","83","1963-9-25","M","Japan","272"
"Igor","76","2009-12-16","F","China","196"
"Vitalik","54","1984-2-27","M","UK","240"
"Igor","92","1924-1-3","F","Italy","496"
"Ivan","57","1913-6-17","M","Italy","902"
"Maria","77","1931-7-20","F","UK","959"
"Jorge","45","1916-6-20","M","USA","92"
"Ksenia","18","1926-7-2","F","UK","483"
"Anton","92","1991-10-1","M","China","991"
"Ivan","64","1944-7-26","F","Russia","490"
"Alina","36","1962-11-27","F","USA","161"
"Ivan","31","2017-7-11","F","USA","392"
"Ksenia","43","1956-11-26","M","USA","74"
"Anton","75","1904-2-28","F","Japan","834"
"Ksenia","48","1965-1-18","M","Russia","156"
"Vitalik","59","1935-8-10","F","USA","411"
"Jonh","37","1923-8-20","F","China","441"
"Alina","85","1991-12-32","F","Japan","514"
"Jorge","83","1900-8-6","F","Italy","786"
"Jonh","50","1949-10-1","F","Russia","453"
"Jonh","28","1968-6-12","F","USA","729"
"Ivan","87","2015-11-20","F","Germany","832"
"Ksenia","57","1939-8-25","M","China","788"
"Anton","19","1914-11-1","F","Japan","761"
"Igor","31","1929-13-23","F","Japan","565"
"Igor","31","1960-6-26","F","Germany","263"
"Vitalik","68","1993-3-29","M","Italy","662"
"Vitalik","37","1992-11-29","M","UK","793"
"Vitalik","91","1970-13-3","F","France","547"
"Jorge","80","1940-7-19","M","China","140"
"Pavel","71","1981-11-1","F","France","803"
"Vitalik","53","2005-12-16","M","Russia","796"
"Maria","88","1957-6-11","M","Germany","55"
"Igor","83","2002-8-17","F","UK","412"
"Maria","71","1956-9-18","M","UK","13"
"Igor","31","2010-12-1","M","Germany","944"
"Ivan","24","2020-4-17","F","Italy","589"
"Jonh","46","1927-10-2","F","USA","132"
"Pavel","27","1930-4-28","M","China","236"
"Ivan","21","1990-3-15","M","Germany","537"
"Maria","19","2021-7-30","M","UK","227"
"Vitalik","38","2004-3-20","F","UK","551"
"Ksenia","42","1999-12-17","M","Italy","178"
"Ksenia","90","1903-1-18","F","Russia","676"
"Maria","81","1987-13-2","M","USA","121"
"Alina","72","1968-13-19","M","France","282"
"Pavel","28","1903-5-13","M","Germany","846"
"Alina","38","1970-7-19","F","China","852"
"Igor","30","2005-10-6","F","China","96"
"Maria","78","1921-2-20","F","Italy","83"
"Jonh","80","1996-3-19","F","Japan","491"
"Pavel","77","1912-1-17","M","China","46"
"Vitalik","82","1989-5-28","F","Germany","952"
"Alina","19","1989-13-12","F","Germany","899"
"Jonh","66","2017-12-25","M","UK","379"
"Maria","89","1976-13-8","M","Russia","231"
"Igor","39","1910-4-22","M","Japan","403"
"Igor","78","1920-12-7","F","USA","696"
"Vitalik","27","1900-13-1","F","Italy","804"
"Vitalik","56","1967-3-13","M","Germany","275"
"Igor","79","1915-3-15","F","UK","840"
"Ivan","72","1990-13-17","F","Italy","99"
"Igor","77","2007-10-19","F","Italy","19"
"Ivan","92","1992-2-29","F","Italy","922"
"Ivan","26","1948-1-26","F","France","913"
"Jonh","50","1970-8-15","M","USA","352"
"Igor","72","2021-7-13","M","France","200"
"Ivan","47","1924-12-3","F","France","405"
"Maria","39","2006-1-24","M","Russia","536"
"Jonh","59","1947-5-9","F","Italy","763"
"Igor","42","1942-13-1","M","China","808"
"Pavel","38","1959-2-5","M","Russia","283"
"Maria","39","1940-13-30","M","Germany","708"
"Anton","84","1933-7-9","M","China","361"
"Jorge","28","1999-3-10","F","Germany","309"
"Maria","39","2009-7-32","F","UK","716"
"Anton","72","1985-5-12","F","UK","248"
"Vitalik","64","1981-8-1","M","USA","951"
"Jorge","60","1948-8-25","F","China","907"
"Alina","54","1950-5-21","F","China","775"
"Alina","50","2019-5-10","F","UK","915"
"Jonh","24","2020-9-16","F","France","524"
"Jorge","79","1921-10-29","M","China","80"
"Anton","56","1929-10-31","F","Italy","510"
"Jonh","23","2009-13-26","M","France","154"
"Anton","84","1947-13-21","F","France","242"
"Igor","66","1922-2-29","F","UK","829"
"Jorge","19","1994-1-21","F","Italy","606"
"Anton","90","1913-5-11","F","France","752"
"Igor","76","1997-5-24","M","Germany","41"
"Ksenia","70","1912-3-29","F","UK","487"
"Pavel","49","1989-3-22","F","Japan","11"
"Alina","90","1935-11-25","M","China","766"
"Igor","90","1915-8-26","F","China","780"
"Alina","61","1917-8-13","M","Germany","187"
"Pavel","44","1918-11-1","M","France","168"
"Alina","49","2002-12-2","M","Japan","842"
"Igor","87","1975-10-12","M","UK","870"
"Pavel","80","2009-6-21","M","UK","182"
"Jorge","42","1956-5-25","M","Germany","217"
"Maria","79","1976-5-9","M","Italy","460"
"Maria","53","1934-10-20","M","UK","772"
"Anton","59","1935-10-28","M","Germany","486"
"Ivan","35","1966-1-6","F","Italy","819"
"Ksenia","43","1955-11-22","F","USA","681"
"Anton","52","1912-9-11","M","Japan","874"
"Igor","57","1969-9-13","F","France","633"
"Jonh","19","1947-6-23","M","Germany","221"
"Maria","40","1916-1-30","M","Russia","704"
"Ksenia","43","1962-3-3","F","China","582"
"Jonh","84","1904-9-8","M","Italy","51"
"Igor","19","1909-3-1","M","Italy","418"
"Vitalik","38","1992-2-29","F","France","753"
"Maria","70","1959-13-14","M","Russia","118"
"Anton","89","2010-4-24","M","Russia","382"
"Maria","51","2017-2-29","F","Japan","419"
"Jonh","34","2002-9-15","M","Japan","456"
"Vitalik","72","1978-13-4","M","Italy","234"
"Ivan","40","1907-6-20","M","Italy","357"
"Maria","68","2007-2-2","F","USA","127"
"Jorge","63","2007-4-27","M","Italy","311"
"Igor","89","1923-1-5","F","USA","292"
"Jonh","62","2017-8-21","M","China","112"
"Vitalik","18","1918-11-1","F","USA","529"
"Vitalik","67","1984-6-4","F","UK","104"
"Ivan","25","1962-3-1","M","UK","816"
"Vitalik","27","1963-2-3","F","Russia","195"
"Pavel","45","1957-6-9","F","Russia","622"
"Ivan","42","1981-11-3","F","Italy","541"
"Jorge","81","1948-11-18","M","USA","22"
"Jonh","78","1947-2-28","F","Italy","135"
"Ivan","57","1940-12-19","M","USA","776"
"Ksenia","36","1964-6-25","F","Russia","509"
"Ivan","30","1910-10-16","F","China","270"
"Maria","84","1931-12-26","F","UK","123"
"Anton","34","2009-3-28","F","USA","315"
"Ksenia","29","2017-11-5","M","China","431"
"Ivan","42","2003-10-3","F","France","604"
"Jonh","49","1985-9-8","M","Japan","153"
"Ksenia","55","2005-2-7","F","Italy","563"
"Vitalik","66","1914-2-2","F","France","721"
"Jonh","54","1974-3-3","M","France","251"
"Pavel","20","1952-12-4","M","USA","508"
"Igor","82","2014-10-32","F","Italy","934"
"Anton","72","1972-11-11","M","UK","557"
"Maria","20","1957-11-2","M","France","148"
"Jonh","72","1923-12-22","F","Germany","473"
"Alina","25","1978-7-7","F","Japan","31"
"Pavel","78","1944-13-29","M","USA","813"
"Alina","45","1957-8-4","F","China","663"
"Anton","91","1989-1-27","F","UK","897"
"Vitalik","22","1917-3-22","M","France","978"
"Ksenia","31","1928-6-30","F","Germany","348"
"Alina","88","1998-2-7","M","UK","955"
"Vitalik","85","1986-13-2","M","Germany","126"
"Maria","70","1986-13-15","F","Italy","434"
"Igor","28","1902-2-18","M","Italy","867"
"Ivan","80","1975-11-4","M","Italy","206"
"Alina","76","1972-10-27","F","France","25"
"Ksenia","52","1936-6-17","F","Germany","43"
"Ksenia","53","2020-1-1","F","USA","685"
"Pavel","48","1963-13-28","M","Japan","209"
"Pavel","55","1926-1-26","F","Germany","806"
"Ksenia","77","1928-11-13","F","China","461"
"Ksenia","80","1917-1-24","M","UK","169"
"Pavel","48","1990-3-15","M","Russia","987"
"Vitalik","46","1951-2-32","F","Italy","576"
"Ksenia","56","2004-5-3","M","France","47"
"Vitalik","84","1943-10-1","M","Italy","886"
"Jorge","73","1921-7-11","F","Japan","598"
"Ksenia","89","1905-12-2","F","Italy","956"
"Igor","46","1900-3-3","M","Germany","554"
"Jorge","41","1963-6-8","F","UK","230"
"Alina","52","1974-4-19","M","France","634"
"Vitalik","76","1991-8-8","M","Germany","15"
"Alina","76","1974-10-17","F","Japan","624"
"Pavel","48","1936-6-6","M","Germany","366"
"Pavel","71","1940-1-1","F","UK","695"
"Igor","42","1950-12-15","F","Japan","158"
"Maria","86","1996-1-16","F","USA","735"
"Alina","54","1931-1-31","M","France","289"
"Jorge","30","1977-12-14","M","China","933"
"Anton","81","2002-12-5","M","France","631"
"Maria","73","1937-5-24","F","Germany","73"
"Vitalik","39","1967-13-30","M","France","795"
"Anton","18","1929-2-24","F","USA","296"
"Vitalik","52","1943-12-15","M","USA","291"
"Maria","18","1997-6-26","F","Germany","666"
"Alina","90","1956-8-19","F","USA","859"
"Igor","23","1987-2-15","M","Italy","957"
"Pavel","77","2012-11-16","M","UK","920"
"Ivan","82","1996-5-13","F","China","669"
"Jorge","83","1990-13-23","M","Germany","817"
"Vitalik","82","1916-1-19","M","USA","592"
"Jonh","58","2011-12-13","F","Italy","446"
"Maria","56","2020-6-25","M","Italy","700"
"Jorge","60","1929-8-20","F","Russia","690"
"Igor","56","1926-9-1","M","Japan","450"
"Ivan","58","2014-8-3","M","UK","546"
"Maria","69","1948-2-11","F","USA","98"
"Vitalik","88","1964-1-25","M","Japan","339"
"Ivan","83","1936-1-24","M","Italy","689"
"Alina","58","1935-8-11","F","Italy","101"
"Anton","25","1923-5-7","F","Russia","654"
"Maria","63","1956-9-11","F","USA","953"
"Alina","68","2001-5-16","M","USA","517"
"Maria","84","1941-5-18","M","China","749"
"Ksenia","65","1911-6-15","M","Italy","903"
"Vitalik","44","1912-6-22","M","Germany","102"
"Ksenia","51","1911-10-9","F","Russia","838"
"Jonh","69","2018-8-9","M","China","229"
"Maria","56","1972-10-22","F","Russia","287"
"Anton","87","1927-1-8","F","Japan","192"
"Anton","62","1915-9-12","M","Italy","940"
"Alina","24","2021-5-15","F","Russia","346"
"Alina","50","2013-2-24","M","Russia","266"
"Alina","20","1969-7-5","M","Italy","871"
"Igor","54","1916-4-27","F","Russia","237"
"Maria","86","1960-10-22","M","Germany","533"
"Jonh","22","2011-12-10","F","France","501"
"Igor","75","1912-9-6","M","Germany","117"
"Maria","70","1914-4-30","M","UK","807"
"Jonh","66","1983-10-8","M","Italy","646"
"Pavel","61","1901-6-25","F","Russia","372"
"Alina","58","1995-3-12","F","China","190"
"Pavel","32","2001-1-7","M","Italy","691"
"Maria","92","1916-3-15","F","Germany","882"
"Igor","41","1992-3-13","F","Japan","528"
"Anton","62","1973-5-3","M","Japan","87"
"Ksenia","65","1979-11-22","F","Russia","777"
"Alina","32","2001-2-9","F","Japan","994"
"Ksenia","37","1980-8-2","M","UK","56"
"Alina","30","1964-5-22","M","Japan","710"
"Ksenia","60","1961-5-27","F","Russia","798"
"Ivan","21","1967-1-28","F","Italy","24"
"Vitalik","65","1978-2-6","F","Japan","539"
"Jonh","59","1953-11-18","F","UK","679"
"Jonh","39","2011-13-31","F","France","390"
"Ivan","61","1921-1-17","M","France","698"
"Ksenia","70","1979-7-6","M","France","476"
"Jonh","32","1969-6-16","M","China","180"
"Ivan","20","1979-2-5","F","Russia","588"
"Jonh","45","1991-13-3","M","Italy","325"
"Anton","69","2010-10-27","M","Japan","659"
"Ivan","66","1945-12-20","M","USA","68"
"Jonh","56","1939-4-10","M","China","208"
"Vitalik","82","2003-10-29","M","Russia","362"
"Anton","60","1968-2-20","M","UK","917"
"Maria","92","2011-5-25","F","China","610"
"Anton","25","1966-11-18","M","China","787"
"Jorge","28","1956-11-1","F","Germany","255"
"Maria","42","1996-5-3","M","Italy","623"
"Vitalik","25","1978-1-13","F","Germany","247"
"Anton","56","1945-3-14","F","UK","937"
"Vitalik","55","1994-6-26","M","Germany","961"
"Igor","63","1976-10-4","F","France","810"
"Anton","73","1984-3-31","M","Russia","29"
"Jorge","33","1986-12-17","M","UK","44"
"Maria","61","1939-7-10","M","UK","384"
"Vitalik","32","1946-7-14","M","Italy","647"
