"pcryf","AlalaneEmpire","1921-10-15","Energy","Germany","712","NO"
"sde","BurgerKingEmpire","1984-13-17","Industrials","Germany","949","YES"
"xxnx","MaximInc","1950-6-32","CommunicationServices","Russia","538","NO"
"vyg","LukoilEmpire","1900-4-17","Industrials","China","641","NO"
"ecvkq","MarshalEmpire","1912-1-13","Energy","UK","464","NO"
"gvh","ReebolInc","1971-5-4","Healtcare","China","659","YES"
"emm","VoxInc","1942-10-8","CommunicationServices","China","722","NO"
"fwe","TeslaCorporation","2017-9-5","Semiconductors","France","508","NO"
"kqji","MeuzauHost","1932-12-12","Consumer Cyclical","Italy","583","NO"
"rkklzp","VirginHolder","1904-3-12","Industrials","Italy","517","NO"
"gai","LukoilHost","2016-8-32","Industrials","Italy","232","NO"
"fme","BOSCHCorporation","1990-12-28","Industrials","Italy","826","NO"
"onih","AcerHolder","1988-4-22","Materials","UK","99","YES"
"fskcyk","PalantirHolder","1984-11-25","CommunicationServices","Germany","812","NO"
"tbmxcx","AMDEnterprise","2019-2-17","Technology","Japan","176","NO"
"mgvb","BOSCHHolder","1980-10-16","Semiconductors","Russia","108","YES"
"wmmdue","KFCCompany","1984-9-29","Materials","Italy","92","NO"
"omns","HuntingtonCorporation","1932-7-5","Energy","UK","657","NO"
"rav","LukoilGalactic","2011-8-17","Financial","Japan","143","NO"
"sim","NLTInc","1944-9-23","Consumer Cyclical","Japan","40","YES"
"bej","AppleGalactic","1904-9-7","Materials","Germany","107","YES"
"ysfo","NikeCorporation","1901-1-5","Energy","France","196","YES"
"svin","AsusEnterprise","1991-5-9","Materials","Germany","638","NO"
"hxhx","MaximInc","1908-13-14","CommunicationServices","Russia","24","YES"
"spzko","SberBankCompany","1993-1-32","Energy","China","920","YES"
"zviz","MicrosoftCorporation","1974-6-10","Healtcare","UK","1000","NO"
"qgje","NVIDIAHost","2008-2-24","Energy","Italy","783","NO"
"mlfv","AMDHost","2005-4-12","CommunicationServices","China","224","YES"
"ihcqi","AppleCompany","2019-3-27","CommunicationServices","Italy","286","NO"
"hkodak","KFCCorporation","1944-12-16","Healtcare","China","190","NO"
"rxewrw","MirrowCompany","1997-6-23","Materials","China","211","NO"
"glwxp","AMDCorporation","1947-8-24","Healtcare","Japan","922","NO"
"rkic","HPGalactic","2013-13-25","Semiconductors","China","795","YES"
"djmnxj","AppleInc","1902-6-22","Healtcare","USA","212","NO"
"tip","VirginGalactic","1905-13-6","Technology","UK","906","NO"
"yiv","HospitalCompany","1939-6-7","Energy","Italy","467","YES"
"hvm","MindalEnterprise","1961-9-2","Industrials","Italy","416","YES"
"mlxu","AlalaneEmpire","1971-11-18","Semiconductors","China","97","NO"
"xzwhj","VoxCorporation","2013-12-21","Consumer Cyclical","France","185","YES"
"oxb","VirginInc","1943-9-5","Energy","Italy","966","YES"
"zyhbss","LukoilHost","2008-12-5","Consumer Cyclical","Germany","674","YES"
"isfs","NickelCorporation","1904-7-9","Healtcare","USA","283","NO"
"qbg","VirginGalactic","1968-11-25","Energy","Russia","327","YES"
"osplj","MarshalEmpire","1906-4-2","Consumer Cyclical","Italy","419","NO"
"mjq","NickelCorporation","1958-5-32","Semiconductors","France","433","NO"
"pzfk","MarshalHost","2014-8-26","Healtcare","USA","873","NO"
"agbsh","SamsungCompany","1978-12-25","Healtcare","Japan","859","YES"
"acztyw","BOSCHInc","2021-7-2","CommunicationServices","France","229","YES"
"zca","BurgerKingHolder","1912-9-26","Energy","China","334","YES"
"qpwjis","VirginEnterprise","2008-11-23","Industrials","Russia","709","NO"
"zgo","LukoilHost","1951-10-13","CommunicationServices","France","183","YES"
"wix","KFCEmpire","1901-11-1","Industrials","Russia","886","NO"
"how","TeslaHolder","1973-6-6","Semiconductors","UK","842","NO"
"kakex","HuntingtonEnterprise","2015-7-18","Industrials","USA","956","NO"
"vexzg","AmazonCorporation","1974-2-13","Semiconductors","Germany","971","YES"
"jbwqb","ToshibaCompany","1974-8-10","Materials","USA","491","NO"
"bkmym","BOSCHEnterprise","1952-3-11","Materials","UK","606","YES"
"cyzz","BurgerKingEnterprise","2004-2-15","CommunicationServices","USA","258","YES"
"mhevs","MirrowCompany","1945-12-22","Industrials","France","437","YES"
"egzb","MirrowGalactic","1958-12-15","Materials","Japan","362","NO"
"mgmbs","MirrowHolder","2004-10-3","Materials","UK","373","YES"
"vgiivs","OrangeEmpire","1933-7-20","Technology","Japan","975","YES"
"qopl","HPCorporation","1926-7-4","Financial","UK","88","YES"
"bucq","JuiceCompany","1920-13-12","Consumer Cyclical","Italy","26","NO"
"grdpqc","McDonaldsInc","1908-13-22","Energy","France","319","NO"
"bvda","ToshibaHost","1993-10-22","Industrials","Russia","667","NO"
"hpycmn","TeslaCompany","1918-7-26","Consumer Cyclical","France","238","YES"
"natms","TeslaHolder","2011-7-10","Technology","China","347","YES"
"ktt","AppleHost","2019-8-18","Consumer Cyclical","France","65","NO"
"gyce","VoxInc","2012-6-6","Industrials","Russia","861","YES"
"idvh","MaximHolder","1961-7-4","Semiconductors","USA","942","YES"
"qzvwvr","OrangeEmpire","1985-8-24","Healtcare","UK","860","YES"
"zlf","NVIDIAGalactic","1992-10-26","CommunicationServices","UK","693","YES"
"rgddhz","NickelHost","2018-1-3","Materials","Russia","219","NO"
"rjz","JuiceGalactic","1910-12-1","Consumer Cyclical","Italy","492","NO"
"mpymtb","AmazonEnterprise","1922-2-19","Consumer Cyclical","China","785","YES"
"znjs","ToshibaHolder","1934-2-20","Financial","Japan","110","NO"
"gopne","AcerGalactic","1994-9-29","Industrials","France","978","NO"
"yufte","HospitalEmpire","1924-5-15","Energy","China","598","YES"
"mjp","MicrosoftEnterprise","1921-10-20","Energy","Japan","625","NO"
"bui","AcerHolder","1924-10-19","Semiconductors","France","307","YES"
"smcti","MindalHost","1938-9-9","Industrials","Russia","552","YES"
"cnw","PapitaEmpire","1986-13-27","Healtcare","China","109","YES"
"bxr","AcerHolder","2003-9-4","Industrials","France","280","YES"
"monc","NikeGalactic","1995-12-19","Technology","Russia","337","YES"
"jndba","NLTEmpire","1934-3-3","Technology","Russia","887","NO"
"weg","BOSCHGalactic","1918-9-20","Technology","Italy","397","YES"
"axy","HospitalHost","1957-12-24","Healtcare","Italy","470","YES"
"vgsdm","MarshalCorporation","1987-12-32","Healtcare","France","424","NO"
"nptrek","KFCGalactic","1965-7-32","Financial","UK","965","NO"
"pezdau","SberBankEnterprise","2006-3-31","Energy","Russia","928","YES"
"iiag","VoxCorporation","2015-1-18","CommunicationServices","USA","804","YES"
"xfci","VirginHolder","1946-9-8","Materials","France","194","YES"
"fskehj","AmazonHolder","1948-4-15","Industrials","Italy","907","NO"
"jogf","MouseHost","2021-4-16","CommunicationServices","Russia","273","YES"
"oongw","NLTCorporation","1988-13-16","Industrials","UK","115","NO"
"hvrrcu","ReebolInc","1929-4-19","Energy","Russia","919","NO"
"pguewn","KFCGalactic","2004-4-3","Technology","Russia","21","YES"
"meqra","VoxEnterprise","2006-3-6","Consumer Cyclical","Italy","321","NO"
"pdov","AcerHolder","1994-12-23","CommunicationServices","China","689","YES"
"xcjrsx","JuiceHolder","1972-4-16","Semiconductors","Italy","685","YES"
"nro","HospitalHolder","1996-7-26","Consumer Cyclical","France","312","YES"
"ugvo","MouseCorporation","2011-10-11","Semiconductors","USA","69","NO"
"hpkzt","PapitaCorporation","1990-5-15","CommunicationServices","UK","444","YES"
"grbnll","MeuzauHost","1960-10-3","Energy","Japan","98","NO"
"hmi","AdidasGalactic","2001-4-6","Healtcare","UK","893","NO"
"pgeoa","MicrosoftEmpire","1908-6-22","Consumer Cyclical","Germany","62","YES"
"pgxxc","ToshibaHost","1918-7-1","Energy","UK","903","YES"
"rlyvy","McDonaldsCorporation","1920-6-5","Technology","UK","933","NO"
"aotkd","NVIDIAGalactic","1948-11-9","Consumer Cyclical","France","230","NO"
"sgems","SamsungCompany","2000-3-11","Financial","UK","751","YES"
"luhyl","PalantirCompany","2011-5-28","Energy","Italy","430","NO"
"jyq","JuiceEnterprise","1942-11-11","Financial","USA","91","NO"
"ccmzpf","VirginCompany","1947-4-3","Semiconductors","Italy","2","YES"
"cwjz","VirginCorporation","1970-8-13","Industrials","Italy","364","NO"
"xpnx","SberBankHost","1992-8-8","CommunicationServices","UK","116","YES"
"rncuf","NickelEmpire","1934-11-29","Technology","UK","639","NO"
"oun","SamsungHolder","1900-3-15","Materials","Japan","881","YES"
"cee","ReebolHost","1991-3-32","Technology","Russia","557","YES"
"svfzhe","MeuzauEnterprise","1914-12-20","Healtcare","Russia","850","YES"
"gifghu","NikeInc","1971-6-17","Industrials","Russia","543","NO"
"jwscx","BOSCHCorporation","1926-12-7","Healtcare","USA","662","NO"
"qogp","MarshalEmpire","1929-2-30","Healtcare","Germany","140","YES"
"yosrqg","OrangeGalactic","1995-6-21","Semiconductors","UK","466","NO"
"vcoye","PalantirGalactic","1999-10-24","Technology","Japan","734","YES"
"linc","MaximCorporation","1943-1-5","Financial","Japan","892","NO"
"aeucyj","TeslaCorporation","1957-6-4","Healtcare","Italy","483","NO"
"jct","AlalaneHolder","1911-12-11","Consumer Cyclical","Germany","616","NO"
"aok","MindalHolder","2002-7-18","Materials","Germany","179","NO"
"medait","PalantirCompany","1943-1-6","Consumer Cyclical","UK","503","NO"
"eiq","AdidasGalactic","2009-4-12","Materials","China","306","YES"
"wvzeie","PapitaCompany","2006-5-6","Technology","UK","427","NO"
"wcdz","VoxHolder","2011-6-13","Financial","Italy","256","YES"
"exqiup","AppleGalactic","1927-7-5","Consumer Cyclical","France","398","NO"
"rzguy","MirrowHolder","1932-4-31","Energy","USA","716","NO"
"qcle","PalantirCompany","2012-7-27","Technology","Italy","824","YES"
"dmu","AppleEmpire","1985-7-21","Financial","China","240","YES"
"ffzuxy","HospitalGalactic","1901-13-30","Financial","France","365","NO"
"yayuch","HPCorporation","2014-6-21","Financial","China","431","YES"
"wjsme","KFCGalactic","1930-12-29","Energy","UK","34","YES"
"zqoom","AdidasCorporation","1994-12-6","Consumer Cyclical","Russia","10","YES"
"yqnim","NickelHolder","1904-10-9","CommunicationServices","UK","77","YES"
"kgab","HospitalEmpire","1928-3-15","Consumer Cyclical","Italy","282","YES"
"jmglkz","BurgerKingHost","1999-3-24","Energy","USA","378","YES"
"zgppme","OrangeGalactic","1927-8-15","Industrials","China","806","YES"
"tnfhzn","PapitaGalactic","1983-10-24","Semiconductors","UK","261","YES"
"nljvh","BurgerKingHolder","2012-3-30","Healtcare","Germany","917","YES"
"vajoma","MeuzauHolder","1912-13-29","Industrials","China","935","NO"
"zeoavi","MindalHost","1988-6-32","Technology","China","76","YES"
"pdulf","TeslaEnterprise","1951-3-22","CommunicationServices","UK","203","YES"
"unijb","ToshibaEmpire","1960-1-32","CommunicationServices","Russia","383","YES"
"ypwu","VirginCompany","1916-13-11","Materials","Japan","245","NO"
"udz","JuiceHost","1974-8-2","Financial","UK","27","NO"
"ycn","MouseHost","1953-6-28","Industrials","Russia","831","YES"
"lmwxzp","BOSCHGalactic","1985-5-13","Healtcare","Russia","410","YES"
"hwnbe","ToshibaCompany","1938-2-9","CommunicationServices","Japan","454","YES"
"zukkic","MicrosoftHolder","1962-6-24","Industrials","Italy","771","YES"
"gaf","MicrosoftEnterprise","1938-1-18","Consumer Cyclical","USA","52","NO"
"cornf","SamsungEmpire","2010-10-2","Industrials","Italy","969","YES"
"jwwa","BOSCHCorporation","1986-12-25","Materials","USA","170","YES"
"jxmurd","McDonaldsEmpire","1907-7-15","Materials","China","360","YES"
"erxz","VoxEmpire","1969-1-4","Financial","UK","128","YES"
"blasf","TeslaCorporation","1974-8-10","CommunicationServices","Russia","905","NO"
"ogw","NikeCompany","1931-10-9","Materials","Russia","294","NO"
"xno","PapitaGalactic","2013-10-23","Semiconductors","France","532","NO"
"jryl","AmazonGalactic","1911-11-28","Technology","USA","584","NO"
"koeeyc","NikeEnterprise","2008-10-18","Financial","Italy","296","NO"
"fbbzv","AsusCorporation","1933-3-13","Energy","Russia","14","YES"
"yuvmkr","NikeEmpire","1909-2-8","Semiconductors","Russia","363","NO"
"rvzwty","AppleCompany","1951-7-27","Consumer Cyclical","Japan","460","NO"
"rdzgi","KFCCorporation","2016-10-32","CommunicationServices","UK","3","NO"
"gya","PapitaEmpire","1902-8-31","Materials","Russia","355","NO"
"aziyw","MarshalHolder","1960-3-17","Healtcare","USA","265","NO"
"lqnnyc","VirginHost","1906-5-14","Semiconductors","USA","553","YES"
"icxg","MirrowInc","1972-6-3","Materials","UK","703","YES"
"fztg","AsusEmpire","1947-11-14","Consumer Cyclical","Germany","260","NO"
"cqwvz","SberBankGalactic","2001-13-18","Technology","China","574","YES"
"vwsu","NLTEnterprise","1955-1-5","Consumer Cyclical","UK","354","YES"
"knvov","AdidasCompany","1995-11-21","Energy","UK","432","NO"
"bin","MirrowInc","1998-3-32","Financial","Russia","504","YES"
"rfwr","MirrowHost","1982-3-3","Technology","Italy","929","YES"
"rde","HuntingtonCorporation","1922-3-8","Consumer Cyclical","Japan","498","YES"
"lyhnt","McDonaldsEnterprise","1924-8-18","Financial","China","520","YES"
"glpf","BOSCHGalactic","1937-9-27","Semiconductors","Russia","131","NO"
"agx","AppleGalactic","2003-11-4","Energy","Japan","124","YES"
"mmphs","SimonEmpire","1977-4-12","Materials","Russia","568","NO"
"eqbf","AdidasHost","2004-12-28","Financial","Italy","266","YES"
"xytqkc","AcerHolder","1971-12-16","Consumer Cyclical","China","869","YES"
"nnqjgf","NLTCorporation","1907-8-29","Technology","Germany","572","YES"
"oqgf","VoxInc","1905-2-5","Industrials","Italy","601","NO"
"nybovg","AppleGalactic","1977-6-31","Technology","France","544","NO"
"mspebv","HuntingtonCompany","1947-10-17","Materials","Germany","754","YES"
"rlpxn","ToshibaCompany","2011-10-30","Technology","China","59","YES"
"akihm","MouseHolder","2018-2-24","Financial","France","394","NO"
"ilb","JuiceGalactic","2016-3-22","Energy","Russia","533","YES"
"kyrmd","HPInc","2014-12-14","Technology","France","836","NO"
"bbvpyk","LukoilHost","1900-12-22","Materials","UK","178","YES"
"ykwkhp","HuntingtonHost","1905-9-16","Materials","Russia","802","NO"
"kzvcc","NickelCompany","1945-11-22","Healtcare","France","943","NO"
"hhjow","OrangeEmpire","1965-5-21","Materials","UK","592","NO"
"ucy","TeslaHost","1945-11-19","Financial","Japan","456","YES"
"adov","VirginHolder","1943-12-12","Semiconductors","Italy","901","YES"
"lger","MirrowCompany","1933-13-26","Materials","USA","801","YES"
"jcvwu","MindalGalactic","1935-6-2","Materials","UK","643","NO"
"qurvf","VirginInc","1944-5-3","Industrials","Russia","988","YES"
"zhbqe","HuntingtonCompany","2008-7-14","Technology","China","796","YES"
"ubqubd","MeuzauCorporation","1968-12-21","Energy","France","499","NO"
"foo","SimonEmpire","1903-4-10","Consumer Cyclical","France","726","NO"
"tzi","MindalHost","1953-5-16","CommunicationServices","France","902","NO"
"vvesh","AcerInc","1987-11-14","Consumer Cyclical","Russia","220","NO"
"enaxjk","AsusCompany","1935-8-4","Semiconductors","Germany","960","YES"
"oyart","HPGalactic","1935-7-26","Consumer Cyclical","Germany","779","NO"
"vqa","VoxInc","1977-4-24","Energy","Germany","844","NO"
"ygriu","NickelEnterprise","1934-1-2","Semiconductors","Germany","476","NO"
"qewdw","BOSCHEmpire","1955-6-3","Energy","Russia","580","NO"
"txxj","BurgerKingCorporation","1966-12-14","Materials","China","272","NO"
"nxz","ReebolEnterprise","2013-4-28","Energy","USA","962","YES"
"keg","VoxInc","1936-1-19","Materials","China","421","NO"
"gyj","NikeCompany","1981-3-11","Technology","USA","530","NO"
"rfrhtd","TeslaHost","1952-4-5","Semiconductors","USA","209","NO"
"tcma","LukoilCompany","1926-12-20","Financial","France","708","NO"
"npqa","TeslaCorporation","2010-9-2","Industrials","Italy","50","YES"
"cgis","ReebolEnterprise","2014-7-9","Materials","Germany","571","YES"
"nrijdk","NLTHolder","1944-13-30","Financial","Japan","367","NO"
"uod","NikeHost","1926-3-11","Healtcare","Russia","5","NO"
"ult","MindalHolder","1935-10-25","Technology","USA","914","YES"
"nva","OrangeHolder","1961-9-4","Industrials","France","356","YES"
"ltqck","JuiceHolder","2020-12-31","Technology","China","597","YES"
"bwude","NVIDIAEnterprise","2020-7-17","Consumer Cyclical","Russia","468","NO"
"thzotz","MarshalHost","1978-9-18","Semiconductors","China","808","YES"
"luvki","NickelHolder","1961-2-26","Consumer Cyclical","USA","640","YES"
"joz","NickelHost","1905-7-2","Healtcare","Germany","344","NO"
"zhhkaa","HuntingtonCompany","1944-8-12","Semiconductors","UK","677","YES"
"orgm","AMDInc","1976-13-4","Energy","France","284","YES"
"iuwyaw","SberBankInc","2011-8-9","Healtcare","UK","854","NO"
"jeqbz","NickelEmpire","1919-9-2","CommunicationServices","Germany","160","NO"
"qnls","MirrowGalactic","1910-9-30","Semiconductors","France","688","YES"
"bspijd","MicrosoftCorporation","1904-4-6","Industrials","UK","83","YES"
"rpkb","NLTCorporation","1936-11-24","Materials","Italy","428","NO"
"khmdf","SamsungCorporation","1905-3-1","CommunicationServices","China","777","YES"
"mpnlq","JuiceCompany","1977-6-13","Energy","France","607","YES"
"raqsqw","AMDEnterprise","1916-3-2","Technology","Italy","787","NO"
"vfblo","PapitaHost","1987-5-4","Energy","USA","149","NO"
"llcefu","TeslaCompany","1959-3-28","Energy","China","699","YES"
"kfiz","AlalaneEnterprise","2021-5-32","Semiconductors","UK","848","NO"
"vtc","AcerHolder","1901-3-14","Materials","Italy","11","NO"
"axhn","SberBankGalactic","1965-3-13","Materials","France","305","NO"
"nodri","VoxEmpire","2004-2-32","Industrials","UK","201","YES"
"wobvvo","AcerCorporation","1910-3-29","Semiconductors","France","340","YES"
"xouezy","MicrosoftInc","1997-9-30","CommunicationServices","Italy","339","YES"
"uwjw","MouseHolder","1950-10-11","Financial","Russia","654","YES"
"pkni","TeslaEnterprise","1957-1-16","CommunicationServices","China","570","YES"
"pvdob","MeuzauInc","2009-1-28","Financial","USA","90","NO"
"flbp","NLTEnterprise","1997-11-4","Technology","Russia","399","YES"
"jvpusi","BurgerKingEmpire","1909-4-3","Technology","Russia","622","NO"
"tbay","AcerHost","1931-6-5","Financial","Italy","122","YES"
"ttiol","TeslaInc","1969-13-28","Semiconductors","France","439","NO"
"mxrf","NikeCompany","1953-6-21","Energy","France","591","YES"
"kfe","MirrowGalactic","1954-12-32","Industrials","China","164","NO"
"ixq","NLTHolder","1961-12-1","Healtcare","Germany","756","YES"
"oahe","McDonaldsHost","1913-1-9","Industrials","China","153","NO"
"cdwf","OrangeGalactic","1928-5-13","Financial","China","281","YES"
"lca","ToshibaGalactic","1942-4-12","Industrials","UK","830","NO"
"ayd","PalantirGalactic","1996-12-2","Consumer Cyclical","Russia","368","NO"
"jajo","AppleEmpire","2012-8-13","Technology","Russia","865","YES"
"bnfwf","AmazonCorporation","1958-13-19","Technology","France","899","NO"
"ermme","BurgerKingInc","1991-4-20","Semiconductors","Italy","429","NO"
"hbm","AlalaneCompany","1901-9-32","Materials","Germany","564","YES"
"zcoz","KFCCompany","1903-1-8","Industrials","UK","287","YES"
"hihxu","OrangeCorporation","1914-5-22","Semiconductors","China","359","NO"
"xgx","LukoilInc","1956-9-6","CommunicationServices","Russia","715","NO"
"duyzjc","AsusHolder","1974-5-13","Semiconductors","China","386","NO"
"bhfhv","PalantirEnterprise","1937-10-23","Technology","Germany","874","NO"
"stjcmf","SamsungHolder","1910-12-24","Semiconductors","China","123","YES"
"dow","MeuzauCompany","1952-12-27","Energy","Russia","349","NO"
"bvzrk","NLTCompany","2006-6-5","CommunicationServices","Japan","719","NO"
"kgyg","HuntingtonHolder","1914-11-7","Semiconductors","UK","864","NO"
"zvtke","NickelEnterprise","1903-3-3","Healtcare","China","162","NO"
"ytfzrh","PalantirEnterprise","1962-12-25","Financial","UK","311","NO"
"reuz","JuiceHost","1959-2-26","Technology","Japan","556","YES"
"dvnqi","NickelGalactic","1905-4-11","Energy","Italy","303","YES"
"rvs","AsusHolder","1958-4-14","Energy","France","800","YES"
"frd","JuiceCorporation","1995-12-3","Materials","Japan","682","NO"
"jbhqpa","AsusGalactic","1908-13-17","Technology","Russia","958","NO"
"wogu","JuiceCompany","1922-13-10","Semiconductors","Italy","610","NO"
"ufgdo","AmazonCompany","1932-13-27","Industrials","France","562","YES"
"buavp","ToshibaCorporation","1940-4-6","Energy","Italy","790","NO"
"ebi","McDonaldsCompany","1908-7-31","Materials","Japan","135","YES"
"ayhl","NLTEnterprise","1950-9-12","Materials","Germany","670","YES"
"cwsiv","HuntingtonGalactic","1966-4-22","CommunicationServices","USA","840","YES"
"xuolji","MindalInc","1970-2-15","Materials","UK","78","NO"
"olgk","LukoilEnterprise","1966-11-20","Industrials","Japan","880","NO"
"vst","LukoilInc","1909-9-29","CommunicationServices","USA","189","NO"
"tdng","NikeGalactic","2019-7-12","Industrials","Germany","80","YES"
"ogtax","AcerCorporation","1926-12-23","Healtcare","UK","995","YES"
"bfls","SamsungGalactic","1950-8-3","CommunicationServices","Russia","165","NO"
"chru","PalantirEnterprise","2010-8-12","Energy","Japan","761","NO"
"ptzlw","SberBankHost","1976-2-14","Energy","UK","898","YES"
"bnw","McDonaldsGalactic","1959-11-5","Energy","USA","837","YES"
"juebca","HospitalHost","1955-11-32","Energy","France","374","NO"
"relkb","AsusHolder","1935-5-11","Consumer Cyclical","Japan","939","NO"
"vcm","TeslaHost","1996-3-5","Consumer Cyclical","USA","516","NO"
"rlajkn","OrangeCompany","1920-12-1","Industrials","Germany","66","NO"
"xbe","AlalaneCompany","2000-10-18","Energy","Russia","604","YES"
"nfnfj","MeuzauEmpire","1980-7-3","CommunicationServices","Japan","723","NO"
"jfen","ReebolEnterprise","1986-11-18","Semiconductors","USA","387","YES"
"wnbd","JuiceHolder","2008-1-26","Technology","USA","955","NO"
"mhykiu","MindalEnterprise","1952-4-32","Semiconductors","France","884","YES"
"ousdf","MaximHost","1928-13-5","Industrials","UK","746","NO"
"yzdnth","TeslaEmpire","1940-9-4","CommunicationServices","France","608","YES"
"qklp","MindalInc","1923-4-30","Industrials","Germany","169","NO"
"ecwzs","MeuzauEnterprise","1990-8-22","Materials","UK","474","YES"
"osoki","NickelHolder","1911-5-25","Financial","UK","798","NO"
"dzsv","SimonHolder","1983-4-17","Technology","Italy","577","NO"
"jyv","ReebolEnterprise","2001-12-8","Healtcare","UK","596","NO"
"nhjbp","PapitaHost","1945-2-25","Semiconductors","Italy","239","NO"
"frxhkd","SamsungCompany","1947-2-6","Technology","France","976","NO"
"xvqk","ReebolInc","1945-6-11","Materials","Germany","147","NO"
"dfor","AppleInc","2015-12-2","Semiconductors","Italy","590","NO"
"wrsx","MouseHolder","1924-4-32","Consumer Cyclical","Germany","523","NO"
"ghgsap","MindalEmpire","2011-8-18","Healtcare","Japan","450","NO"
"iai","MirrowCorporation","2013-4-28","Energy","USA","188","NO"
"nncrxq","AppleHolder","1937-11-19","Technology","UK","735","YES"
"eag","NickelEnterprise","1934-4-19","Technology","Italy","814","NO"
"troqs","VoxEmpire","2016-6-6","Materials","Italy","853","YES"
"ievu","MicrosoftEnterprise","2015-9-21","Semiconductors","France","947","NO"
"ncwvtb","NickelEnterprise","1974-8-7","CommunicationServices","France","461","NO"
"egljj","NikeHolder","1926-1-19","Healtcare","Russia","182","NO"
"bhjwmu","AcerEmpire","1934-8-2","Semiconductors","Japan","766","YES"
"xlglfs","BOSCHHolder","1928-11-9","CommunicationServices","France","102","YES"
"hmj","NLTEnterprise","1991-13-9","Semiconductors","Germany","651","NO"
"kunt","AmazonCorporation","1949-5-9","CommunicationServices","Japan","389","YES"
"kiy","MaximHolder","1973-2-22","Financial","UK","295","YES"
"kbnf","AppleInc","1998-11-29","CommunicationServices","Germany","193","YES"
"nmlcb","AlalaneCompany","1904-1-16","Consumer Cyclical","China","686","NO"
"tbs","TeslaCorporation","1976-8-24","Semiconductors","France","763","YES"
"abr","HPCorporation","1918-12-14","CommunicationServices","UK","222","YES"
"wjcuj","McDonaldsCompany","1996-3-27","CommunicationServices","China","602","NO"
"mul","HPHost","1986-4-25","Consumer Cyclical","China","923","YES"
"chsqdl","MouseCompany","1980-12-1","Financial","France","579","NO"
"clnnpy","SimonHolder","1969-3-31","Energy","UK","471","NO"
"ntgiwx","VirginCorporation","1926-5-5","Consumer Cyclical","Germany","45","YES"
"yzd","KFCHolder","1907-7-1","Consumer Cyclical","Japan","979","NO"
"zxzv","SberBankEnterprise","1914-5-28","CommunicationServices","Italy","720","NO"
"nngh","AcerHolder","1910-4-13","Consumer Cyclical","USA","823","NO"
"tsjnj","HuntingtonEnterprise","1977-10-10","Materials","China","794","NO"
"iebn","MindalCorporation","2016-12-5","Industrials","Italy","85","YES"
"ida","BOSCHEnterprise","1938-6-13","Industrials","Russia","876","YES"
"xapqt","BOSCHHolder","2018-7-12","Materials","China","996","NO"
"dap","NVIDIACorporation","2002-10-15","CommunicationServices","Germany","267","NO"
"cgx","OrangeEnterprise","1918-12-29","Financial","Germany","510","YES"
"ojjs","AmazonInc","1957-4-16","Healtcare","Germany","576","NO"
"ambyw","NLTHolder","1917-2-26","Healtcare","Russia","64","YES"
"upyt","BOSCHGalactic","1916-6-3","Healtcare","UK","293","NO"
"vif","LukoilInc","1984-5-6","CommunicationServices","Germany","225","YES"
"bqa","SimonEnterprise","1999-9-21","Healtcare","France","909","NO"
"maa","AMDCorporation","1938-7-27","CommunicationServices","UK","728","NO"
"emp","OrangeEmpire","2018-10-13","Healtcare","UK","944","NO"
"scsx","MindalEmpire","1939-6-3","Healtcare","UK","248","NO"
"udabfn","JuiceCompany","1915-10-29","Semiconductors","Italy","661","NO"
"eusp","AmazonHost","1903-5-8","Technology","UK","679","YES"
"trbs","PapitaEnterprise","2011-9-28","Consumer Cyclical","China","980","YES"
"cofsgl","SamsungGalactic","2020-4-14","CommunicationServices","Japan","834","YES"
"kzsj","HPHost","1905-5-5","Healtcare","China","885","NO"
"jvp","McDonaldsEnterprise","1945-3-27","Industrials","Russia","103","NO"
"lgzvfh","VirginGalactic","1906-9-15","Consumer Cyclical","China","731","NO"
"zftr","McDonaldsEmpire","1922-11-30","Semiconductors","UK","862","YES"
"olfeux","JuiceEmpire","2014-12-18","Industrials","Japan","588","YES"
"ijqsci","SamsungEmpire","1972-10-29","Materials","China","707","NO"
"nrhjyz","MirrowCorporation","2007-4-5","CommunicationServices","Italy","721","YES"
"you","TeslaGalactic","1973-4-29","Technology","Japan","233","YES"
"bovco","MouseHolder","1973-1-8","Industrials","Russia","215","NO"
"iue","AdidasCorporation","1927-1-5","Consumer Cyclical","Germany","380","YES"
"udye","MouseEmpire","1941-4-5","CommunicationServices","UK","191","YES"
"wprdx","MeuzauGalactic","1948-9-24","Consumer Cyclical","Italy","391","NO"
"zljq","BurgerKingHolder","1929-13-4","Energy","Japan","642","YES"
"omsc","NLTGalactic","1951-9-27","Consumer Cyclical","Italy","79","YES"
"cmm","AcerCorporation","1974-6-12","Financial","Russia","214","YES"
"zmd","NickelCompany","2015-10-22","Healtcare","Italy","390","YES"
"otly","MeuzauInc","1969-13-5","Industrials","Germany","114","NO"
"wccq","KFCCorporation","1963-7-13","Financial","USA","33","NO"
"txcz","AMDEnterprise","2007-2-21","Industrials","Italy","263","NO"
"rnkegv","VoxCorporation","1923-12-19","CommunicationServices","China","252","NO"
"fmgcok","ReebolCorporation","1908-1-17","Industrials","USA","934","YES"
"xhh","NVIDIAEnterprise","2008-3-11","Industrials","China","192","YES"
"rfm","KFCCorporation","2014-4-30","Consumer Cyclical","Russia","633","YES"
"unq","MaximHost","1944-10-30","Energy","UK","457","NO"
"anpday","AMDInc","1941-9-12","Technology","USA","990","NO"
"hivdlq","AdidasGalactic","1911-3-17","Healtcare","Japan","921","YES"
"uecj","ToshibaCompany","1990-5-22","Healtcare","USA","449","NO"
"vkvyio","MaximCorporation","1943-3-19","Consumer Cyclical","Italy","650","NO"
"vjldu","MarshalEmpire","1987-12-13","Financial","Japan","298","NO"
"vkbzl","AdidasInc","1929-3-22","CommunicationServices","Italy","953","YES"
"rgt","AppleCompany","1991-4-30","Consumer Cyclical","Italy","94","NO"
"cuwy","AmazonHolder","1966-2-5","Energy","USA","213","NO"
"pbg","AppleEmpire","1999-1-3","CommunicationServices","Italy","186","YES"
"wfn","AppleGalactic","1987-3-17","Materials","France","246","NO"
"gre","AdidasHost","1950-6-17","Materials","Italy","630","YES"
"kdq","SimonEmpire","1928-4-32","Financial","USA","381","YES"
"ahdcgr","BurgerKingCompany","1962-7-23","Healtcare","UK","392","YES"
"ljhwlg","OrangeEmpire","1908-9-30","Healtcare","USA","652","YES"
"uuex","PalantirGalactic","1919-4-13","Consumer Cyclical","France","623","NO"
"hbs","NLTGalactic","1947-2-21","Industrials","China","56","YES"
"iwm","SamsungGalactic","1995-13-1","CommunicationServices","Russia","111","NO"
"ekv","SimonHost","1932-13-21","Industrials","France","43","NO"
"dmvg","HPEnterprise","1981-13-14","Materials","China","742","NO"
"alefo","AppleEmpire","1926-5-2","Materials","UK","274","YES"
"xadovr","HospitalEnterprise","2008-7-21","Industrials","Russia","204","YES"
"aynwc","HospitalHolder","1906-10-7","CommunicationServices","Germany","412","NO"
"fuqd","SberBankGalactic","1993-3-27","Materials","Russia","999","YES"
"fiqkb","ToshibaCompany","2012-5-8","Materials","UK","927","NO"
"eqa","AMDHolder","1972-7-12","Technology","Japan","172","NO"
"qlew","MaximHolder","2008-3-15","Semiconductors","France","843","YES"
"sjyp","LukoilEmpire","1944-8-2","Healtcare","Germany","951","NO"
"xxbnr","MaximGalactic","1936-3-23","Industrials","France","849","NO"
"lbps","NikeEmpire","1971-10-26","CommunicationServices","Italy","718","NO"
"pbimiu","KFCGalactic","1993-5-2","Materials","UK","845","YES"
"inddn","McDonaldsInc","1931-4-29","Healtcare","Russia","627","NO"
"lau","AmazonHost","1967-1-11","CommunicationServices","Italy","931","YES"
"uum","BurgerKingCorporation","1900-6-4","Financial","Germany","692","NO"
"suik","BurgerKingHolder","1981-6-21","Technology","Japan","345","YES"
"pnfyru","BurgerKingHost","1993-10-14","Semiconductors","Italy","500","YES"
"lnbm","MouseHost","2014-3-27","Industrials","Italy","867","YES"
"xzlbv","SamsungCompany","1925-10-13","Semiconductors","UK","737","YES"
"dcy","NikeCorporation","2019-5-5","Materials","Germany","918","NO"
"qmhfoj","MeuzauEnterprise","1937-10-7","Semiconductors","USA","991","NO"
"emky","MirrowHolder","1974-13-1","Technology","France","30","YES"
"ncoh","TeslaEmpire","1953-10-19","Materials","UK","142","YES"
"qqxs","HPEnterprise","1949-12-21","Technology","China","603","YES"
"mda","NikeInc","2014-4-32","Healtcare","Japan","322","YES"
"oori","ToshibaHolder","1931-3-16","Materials","France","105","YES"
"ekgw","NLTHolder","1902-10-7","Materials","Germany","150","YES"
"vzkg","MirrowCompany","1900-10-8","Healtcare","Italy","308","YES"
"udfr","NVIDIAInc","1973-12-26","Industrials","UK","249","YES"
"veokb","MicrosoftCompany","1903-1-24","Industrials","China","177","NO"
"nzi","McDonaldsCompany","1936-3-2","Technology","UK","195","YES"
"eynx","NickelInc","1978-2-24","Technology","France","244","YES"
"hnib","MeuzauHost","1966-8-28","Consumer Cyclical","Italy","915","YES"
"eob","AMDHost","1931-11-17","Healtcare","Russia","210","NO"
"teayp","AdidasCompany","2020-11-7","Financial","UK","852","YES"
"zxsnp","AmazonHolder","1958-6-7","Materials","Germany","4","NO"
"qfoqul","HPEmpire","1930-8-13","Semiconductors","Italy","581","NO"
"wnxsp","PalantirGalactic","1947-7-28","Semiconductors","Italy","738","YES"
"mtmj","NikeCompany","1974-11-1","Industrials","Italy","950","YES"
"fiab","MaximGalactic","1905-2-11","Materials","China","559","YES"
"flx","NVIDIAEnterprise","1989-5-17","Healtcare","China","278","NO"
"fopm","ToshibaInc","1981-6-18","Semiconductors","Germany","357","YES"
"pimoki","PapitaCorporation","1900-1-26","Energy","Germany","780","NO"
"vlqgn","MicrosoftEnterprise","1926-1-22","Financial","China","264","YES"
"ptbl","HuntingtonHolder","1932-11-4","Consumer Cyclical","USA","199","NO"
"pcbh","NikeEmpire","1922-2-22","Semiconductors","Italy","637","NO"
"lvszj","KFCGalactic","1903-5-7","Financial","Japan","187","YES"
"yahil","ReebolCorporation","2006-10-20","Technology","Japan","788","NO"
"jbn","VoxGalactic","1951-9-18","Materials","China","51","YES"
"ptbq","PalantirEnterprise","1974-10-32","Consumer Cyclical","Italy","673","NO"
"tovqj","KFCCorporation","1956-3-9","Healtcare","Italy","486","NO"
"utqb","TeslaCompany","1948-13-16","Healtcare","Russia","207","YES"
"ueqwa","MeuzauCorporation","1967-10-18","Technology","USA","546","YES"
"tfaseq","McDonaldsCorporation","1928-9-25","Financial","UK","507","NO"
"wouut","PapitaCorporation","2011-13-9","Semiconductors","France","827","YES"
"liiy","HospitalCorporation","2005-2-5","Technology","Germany","628","YES"
"lhgl","MicrosoftEnterprise","1982-12-26","Materials","Italy","904","NO"
"lnjin","NikeInc","1999-10-12","CommunicationServices","Italy","299","YES"
"gruedw","ReebolInc","1902-1-10","Healtcare","Japan","20","NO"
"ehlh","NVIDIAGalactic","1909-1-25","Financial","Russia","465","YES"
"wvrcu","NickelEmpire","2002-9-27","Semiconductors","Japan","890","NO"
"nqrmr","NVIDIAGalactic","1966-4-11","Financial","France","759","NO"
"fnwkbc","OrangeEnterprise","1984-12-15","Financial","USA","913","NO"
"eaezfg","AsusCompany","1933-3-4","Semiconductors","France","146","NO"
"zefrvz","ToshibaEmpire","1968-2-20","CommunicationServices","France","317","NO"
"bdpw","NikeEnterprise","1901-9-3","Materials","UK","329","YES"
"vpr","SamsungHolder","1973-5-31","Semiconductors","Italy","820","YES"
"sgx","NLTCorporation","1993-12-1","Energy","UK","548","NO"
"njnntj","MeuzauCompany","1920-11-7","CommunicationServices","Japan","41","YES"
"wldm","BOSCHCompany","1926-10-4","CommunicationServices","France","173","NO"
"tse","AlalaneInc","1977-7-22","Energy","Italy","38","NO"
"jiooxe","KFCEmpire","1918-2-16","Industrials","China","629","NO"
"lgzx","AsusEmpire","2018-6-16","CommunicationServices","Germany","529","YES"
"ojn","AdidasHost","1960-3-2","Energy","Germany","54","YES"
"vvp","AsusEmpire","1989-8-25","Healtcare","Germany","587","YES"
"ljqtl","ReebolHolder","1955-8-21","Semiconductors","China","81","NO"
"mmsg","AsusEmpire","1943-13-21","Energy","Russia","208","NO"
"ncuxwj","VoxGalactic","1986-12-3","Semiconductors","USA","997","NO"
"qyuzw","HospitalGalactic","1979-10-24","Energy","UK","799","NO"
"vckp","HPGalactic","2014-12-21","Consumer Cyclical","China","981","YES"
"gqi","HospitalEmpire","2006-1-27","Consumer Cyclical","Italy","730","NO"
"gcsnuu","NLTGalactic","1905-2-2","Energy","USA","778","YES"
"mjb","MarshalEmpire","1904-1-9","Technology","Germany","152","NO"
"akgr","AmazonInc","1990-4-14","Industrials","USA","216","NO"
"mgt","NickelEmpire","2015-10-26","Technology","France","666","NO"
"dqja","AlalaneHolder","1942-8-2","Healtcare","Russia","710","NO"
"jeske","NickelEmpire","1959-12-29","Industrials","USA","485","NO"
"mcwbcs","MouseCorporation","1929-7-5","CommunicationServices","Japan","558","NO"
"bgislh","MicrosoftHolder","2004-4-6","Industrials","Russia","866","NO"
"nauj","SberBankHost","2021-1-29","CommunicationServices","France","106","YES"
"nwq","HospitalInc","2019-1-12","Financial","China","413","NO"
"hhih","SamsungCompany","1935-10-23","Semiconductors","Russia","29","YES"
"aqnixx","PapitaInc","1926-7-10","CommunicationServices","UK","644","YES"
"fxfewn","NVIDIAEmpire","1916-8-27","CommunicationServices","Russia","536","NO"
"rwmdt","LukoilEnterprise","1914-6-20","Consumer Cyclical","Russia","526","NO"
"oijm","LukoilEmpire","2017-7-26","Healtcare","UK","336","YES"
"adgmb","BurgerKingCorporation","1993-6-11","Technology","Germany","341","NO"
"xzjt","NVIDIACompany","1982-10-5","Energy","Russia","891","YES"
"jljlsm","MouseGalactic","2015-3-17","CommunicationServices","Italy","502","YES"
"zeatf","MarshalEmpire","1962-4-10","Semiconductors","France","807","NO"
"hmncbc","NikeEmpire","1969-12-3","Financial","France","138","YES"
"oaql","NikeEnterprise","1974-10-5","Technology","France","937","NO"
"evvxts","OrangeEnterprise","1952-8-16","CommunicationServices","Russia","447","YES"
"fkkzy","JuiceInc","1965-11-30","Industrials","Germany","72","NO"
"obz","MarshalHost","1981-6-4","Industrials","Italy","277","YES"
"dpgvmp","AlalaneCompany","2019-7-30","Healtcare","UK","815","YES"
"qvhyeb","VirginEnterprise","1966-5-21","Technology","China","655","NO"
"hacdj","MindalEnterprise","1961-10-6","Consumer Cyclical","USA","113","YES"
"uvbcbk","ToshibaCompany","1911-8-9","Energy","France","615","NO"
"ldiilb","NLTCompany","1927-12-18","Financial","China","63","NO"
"blwh","VoxEnterprise","1910-12-22","Consumer Cyclical","USA","599","YES"
"jdcvv","AlalaneInc","1961-7-29","Energy","China","758","YES"
"fzv","VoxHolder","1920-2-1","Technology","Japan","668","NO"
"wqjjif","HuntingtonHolder","1929-11-2","Energy","China","645","YES"
"oegnx","BOSCHEmpire","1906-2-22","Healtcare","Russia","541","NO"
"piq","SberBankEmpire","1928-3-27","CommunicationServices","Germany","151","YES"
"uem","AlalaneCorporation","1950-12-28","Materials","UK","569","YES"
"uodw","MicrosoftInc","1990-5-24","CommunicationServices","China","259","NO"
"pvmzsn","NVIDIAEnterprise","1984-7-10","Financial","Russia","878","NO"
"xhczm","LukoilEnterprise","1941-11-31","Financial","Russia","473","YES"
"mttli","PapitaHolder","1984-8-16","Energy","Italy","833","YES"
"gbalhz","VirginEnterprise","1945-9-14","Financial","China","540","NO"
"pzjt","ReebolHolder","1927-3-5","Technology","Russia","126","NO"
"vhc","MarshalHolder","2013-12-18","Industrials","China","767","YES"
"dvdgv","NLTCompany","1998-5-7","CommunicationServices","Russia","620","YES"
"htmyli","SimonEnterprise","1908-1-30","Technology","Germany","700","NO"
"bmy","AdidasEmpire","1923-11-9","Consumer Cyclical","China","646","NO"
"slmgl","NickelGalactic","1959-7-10","Consumer Cyclical","China","818","YES"
"falvbd","HuntingtonCorporation","1949-13-3","Industrials","Germany","560","YES"
"bqnhlp","PapitaEmpire","1929-9-18","Materials","USA","932","NO"
"xyfgxk","BOSCHEmpire","1946-5-2","Semiconductors","USA","353","YES"
"bxtls","SamsungHost","2006-5-9","Technology","Germany","86","NO"
"ovhjm","VoxInc","1960-2-10","Consumer Cyclical","China","250","YES"
"nymxh","NikeEnterprise","1923-7-22","Technology","USA","985","YES"
"ugbqm","MicrosoftHolder","1967-2-7","Technology","Italy","547","NO"
"mqj","HuntingtonCompany","1990-13-13","Semiconductors","USA","448","YES"
"muw","NickelCorporation","1904-3-6","Semiconductors","Japan","525","YES"
"vmygcz","SamsungHost","1935-12-16","Industrials","Italy","451","NO"
"age","AlalaneEnterprise","1974-6-1","Consumer Cyclical","USA","100","YES"
"jorape","ReebolInc","1924-5-8","Healtcare","USA","418","YES"
"qik","KFCEmpire","1932-5-18","Healtcare","China","879","NO"
"avei","HospitalEmpire","1956-8-26","CommunicationServices","France","481","NO"
"xwg","PalantirHost","1976-12-28","Industrials","France","494","NO"
"wpcht","KFCHost","1984-4-11","Energy","Italy","441","NO"
"jjc","SberBankInc","1915-1-22","Financial","Germany","963","NO"
"volv","JuiceHolder","1947-10-30","Industrials","China","324","NO"
"yrwr","AlalaneHolder","1939-12-24","Energy","China","13","YES"
"nut","NVIDIAEnterprise","1921-8-17","Semiconductors","UK","946","NO"
"nds","NVIDIAHost","1940-6-21","Financial","Russia","490","YES"
"rnhwab","MeuzauEmpire","1905-13-23","Consumer Cyclical","Japan","376","NO"
"kcaod","HospitalHolder","1940-9-15","Energy","Japan","748","NO"
"chzfgs","AsusHost","1975-10-29","Industrials","Japan","705","YES"
"ydyr","JuiceEnterprise","1968-9-7","Materials","France","589","YES"
"hfdxue","NickelCompany","2017-2-18","Healtcare","UK","231","YES"
"aru","AcerEnterprise","1903-12-16","Financial","UK","617","NO"
"qkll","VoxGalactic","1975-3-1","Financial","UK","343","NO"
"kyu","McDonaldsEmpire","1944-10-30","Financial","Japan","361","NO"
"nvrhof","McDonaldsEmpire","1991-2-24","Materials","Italy","154","YES"
"tlquue","AppleEnterprise","1907-5-20","Consumer Cyclical","Japan","813","NO"
"qqqfl","ToshibaGalactic","1964-8-14","Industrials","Russia","489","NO"
"qxaapk","NikeCompany","1920-9-10","Materials","Germany","443","NO"
"dhdiw","MirrowCorporation","1947-8-20","CommunicationServices","France","513","YES"
"gop","NickelEnterprise","1949-7-6","Semiconductors","Japan","463","NO"
"wzit","AMDCompany","1967-10-20","Financial","China","125","YES"
"ufze","MicrosoftEnterprise","2009-3-22","Consumer Cyclical","Japan","241","YES"
"njuosi","SberBankHolder","2010-9-1","Financial","USA","130","NO"
"xiriju","MindalCorporation","1934-4-8","Healtcare","Japan","954","NO"
"rdlhxc","VirginEmpire","1955-5-6","Consumer Cyclical","Germany","725","YES"
"ayvf","HuntingtonHolder","1997-9-7","Semiconductors","China","768","NO"
"ssvq","NLTInc","1974-10-27","Industrials","China","896","YES"
"enkgi","MaximCorporation","1959-5-12","Technology","USA","825","YES"
"npcna","TeslaCorporation","1919-13-19","CommunicationServices","Italy","882","NO"
"vkgue","AmazonInc","2007-11-28","Materials","Italy","314","NO"
"xkc","McDonaldsHost","1990-5-15","Consumer Cyclical","Italy","618","NO"
"hdvzt","MirrowGalactic","1965-9-30","Financial","France","218","YES"
"aao","JuiceCompany","1902-10-29","Technology","Russia","846","NO"
"kab","McDonaldsEnterprise","1957-12-13","Energy","USA","372","YES"
"ktau","ReebolCorporation","2014-5-19","Materials","Italy","810","YES"
"tjsy","HuntingtonInc","1937-10-22","Financial","UK","782","YES"
"juhdi","MicrosoftCompany","2017-8-9","Healtcare","France","71","NO"
"wsw","MarshalHolder","1962-5-6","Semiconductors","China","445","YES"
"pzstwi","BurgerKingGalactic","1997-4-29","Semiconductors","Germany","649","YES"
"isor","SimonCorporation","1958-12-12","Materials","China","769","YES"
"gsa","MarshalHost","1931-4-18","CommunicationServices","UK","161","NO"
"ftxm","HospitalHost","2004-2-1","Technology","USA","545","YES"
"hyft","JuiceEnterprise","1939-11-2","Energy","Germany","436","YES"
"itsfcs","AsusHolder","1965-12-18","Materials","Italy","687","NO"
"fjbgu","OrangeEnterprise","1931-11-3","Energy","France","49","YES"
"sekbca","AdidasEnterprise","1945-4-5","Consumer Cyclical","Russia","70","NO"
"msmucu","MirrowGalactic","1981-8-19","Semiconductors","Germany","129","NO"
"qif","HospitalCorporation","1947-13-2","Financial","USA","291","NO"
"luckah","AcerCorporation","1982-4-12","Technology","UK","554","NO"
"kyvf","AdidasGalactic","1902-11-29","Consumer Cyclical","China","912","NO"
"blz","SberBankHost","1970-6-1","Industrials","Germany","352","YES"
"bfcakr","SimonGalactic","1981-8-32","Consumer Cyclical","France","19","NO"
"iwnet","BurgerKingHolder","2000-11-16","Energy","UK","22","NO"
"dgudr","MeuzauEmpire","1987-6-19","Industrials","USA","870","NO"
"oyt","SberBankHost","1909-4-2","Consumer Cyclical","Italy","301","NO"
"smoutb","SamsungEmpire","1989-13-18","Financial","UK","832","YES"
"vpmxs","NickelEmpire","1964-11-10","Healtcare","Russia","382","NO"
"ncqb","NVIDIAHolder","1938-9-9","Technology","China","528","YES"
"txji","MeuzauEmpire","1907-13-23","Energy","China","632","YES"
"dpvpp","PapitaCorporation","1920-13-23","Industrials","Russia","941","NO"
"zotc","HPCompany","2000-6-22","Financial","UK","158","YES"
"zwhghr","JuiceHost","1914-6-13","Semiconductors","France","792","NO"
"bfj","AmazonHost","1903-9-31","Healtcare","Russia","594","YES"
"riv","AMDHost","1916-10-15","Materials","China","74","NO"
"yykbd","NickelGalactic","1949-12-12","Industrials","USA","535","YES"
"svst","AlalaneEnterprise","1986-4-21","Industrials","France","822","YES"
"ifch","PapitaGalactic","1972-10-27","Industrials","UK","434","NO"
"ldudl","AlalaneCompany","1910-3-23","Energy","Japan","681","NO"
"jmmtw","MeuzauCorporation","2019-11-32","CommunicationServices","Italy","621","NO"
"vashe","NLTEmpire","1932-5-15","Financial","UK","926","YES"
"ozao","HospitalInc","1943-6-11","Industrials","France","493","NO"
"sxee","JuiceCorporation","1958-12-5","Consumer Cyclical","Japan","789","NO"
"semgdo","SimonHost","1909-10-17","Technology","Germany","18","NO"
"geki","MindalCompany","1914-11-25","Technology","Italy","505","YES"
"kpjkt","AMDHost","1957-10-29","Financial","Germany","495","YES"
"jnsx","MirrowHost","1995-11-22","CommunicationServices","USA","6","YES"
"dkrvpa","SberBankInc","1906-2-1","Materials","USA","442","YES"
"vrvlo","PalantirHolder","1901-11-24","Energy","Italy","137","YES"
"gfm","AmazonCompany","1959-10-7","CommunicationServices","USA","897","NO"
"fnw","KFCHolder","1946-12-15","Healtcare","Italy","658","NO"
"shrar","SamsungEmpire","1957-12-24","Energy","Italy","972","NO"
"lcq","TeslaHost","1933-11-3","Healtcare","Germany","84","YES"
"isy","SimonCorporation","2016-7-1","Materials","Germany","740","YES"
"gnsh","TeslaGalactic","2016-11-1","Industrials","Germany","25","NO"
"ldrmf","NLTEmpire","1962-8-23","Industrials","USA","519","NO"
"pyhr","SberBankCompany","2006-6-31","Technology","Italy","384","NO"
"cradit","KFCHolder","1948-2-6","Materials","Russia","257","YES"
"zqkwdt","AsusEmpire","1990-3-22","Technology","China","420","YES"
"wxt","PalantirGalactic","1901-12-11","Materials","Italy","894","NO"
"suxbq","MeuzauHost","1963-6-7","Technology","China","986","NO"
"rof","PalantirHolder","2000-3-19","Financial","Italy","316","YES"
"mugy","MirrowCorporation","1901-11-32","Materials","Japan","732","NO"
"zmt","TeslaGalactic","1951-13-25","Technology","China","877","NO"
"lkvp","JuiceEmpire","1952-4-4","Energy","USA","702","YES"
"htn","MirrowEnterprise","2004-7-15","Semiconductors","Japan","911","NO"
"zep","SimonEnterprise","1990-6-25","Energy","USA","455","NO"
"wfqoq","MeuzauInc","1931-3-13","Energy","Italy","235","NO"
"vkovl","HPHolder","1922-2-24","Technology","France","58","NO"
"scub","BurgerKingEnterprise","1929-11-15","Financial","USA","968","YES"
"lqvs","PapitaEmpire","1952-1-1","Technology","Germany","872","NO"
"mqslg","NLTHolder","1985-10-15","Healtcare","Italy","566","NO"
"lwfmuu","OrangeInc","1935-1-17","Industrials","France","534","YES"
"xgf","McDonaldsGalactic","2019-3-5","Energy","UK","521","YES"
"irio","NickelInc","2014-10-4","Financial","France","17","NO"
"dvg","BOSCHHost","1973-3-21","Energy","France","16","NO"
"wnk","ReebolInc","2014-2-16","Industrials","China","101","NO"
"eruzx","PapitaHolder","2013-9-10","Healtcare","Germany","119","YES"
"nze","PalantirGalactic","1983-13-15","CommunicationServices","USA","396","NO"
"pkbuza","PalantirHost","1962-13-10","Semiconductors","China","15","NO"
"gjblo","McDonaldsEnterprise","1921-12-31","Technology","Russia","217","YES"
"oviq","AppleHolder","2012-1-20","CommunicationServices","Japan","506","YES"
"rngva","LukoilEmpire","1988-10-1","Consumer Cyclical","Germany","205","NO"
"fveumq","MindalCorporation","1943-13-18","CommunicationServices","Italy","636","NO"
"glnqkz","SamsungCorporation","1967-13-21","Materials","Russia","851","NO"
"tlj","MicrosoftEmpire","1959-2-7","Healtcare","Germany","226","NO"
"yqhjyu","AlalaneCompany","1929-11-12","Healtcare","UK","542","YES"
"ajvj","HPInc","2015-8-13","Industrials","UK","112","NO"
"nnkg","NikeCorporation","1921-7-7","Energy","Japan","227","YES"
"anp","VoxHost","2009-3-14","Industrials","France","793","NO"
"lrqf","HuntingtonInc","2011-10-26","Financial","Italy","435","NO"
"nggo","HPEnterprise","1918-7-17","Financial","France","237","NO"
"vgf","VirginEmpire","2010-11-15","Energy","UK","459","NO"
"cxm","NickelHolder","1903-10-19","Consumer Cyclical","USA","452","NO"
"evkdzw","SimonEnterprise","1990-13-23","Healtcare","France","648","NO"
"izgy","LukoilEmpire","2021-5-30","Energy","Italy","174","YES"
"aqx","KFCCompany","1949-8-23","Semiconductors","Italy","936","YES"
"tvfyho","AcerCorporation","1950-1-3","CommunicationServices","Germany","753","YES"
"xuwpb","PapitaHolder","1983-1-6","Consumer Cyclical","Japan","582","NO"
"oywenl","HospitalInc","1942-4-17","Healtcare","France","7","NO"
"cpct","OrangeInc","1909-3-1","Healtcare","Russia","242","YES"
"vtdl","SimonGalactic","1909-11-7","Technology","Russia","302","YES"
"ycri","TeslaEmpire","1986-5-24","Materials","Russia","573","NO"
"ujod","HPCompany","1978-5-18","Materials","France","292","NO"
"fdarjt","HPEnterprise","2003-9-15","Technology","France","704","YES"
"gbd","TeslaCorporation","1993-11-15","Energy","Italy","605","NO"
"wcmut","MicrosoftInc","1990-8-20","Technology","France","750","YES"
"xveiec","MindalHolder","2021-6-27","Industrials","USA","75","NO"
"camk","ToshibaHolder","2016-7-11","Healtcare","Russia","959","YES"
"dwpzdq","HuntingtonCorporation","1985-9-20","Technology","Russia","438","NO"
"zrqm","HPHost","1911-5-22","Healtcare","USA","39","NO"
"eizjma","VoxHost","1954-9-22","Healtcare","Japan","595","NO"
"tlobla","MouseCorporation","1955-2-10","CommunicationServices","China","578","NO"
"wsnl","VoxHost","2002-9-6","Consumer Cyclical","Japan","180","NO"
"atn","SimonHolder","1983-10-8","Materials","USA","12","NO"
"mdvloc","VoxCompany","1992-10-4","Materials","Japan","475","NO"
"udb","McDonaldsEmpire","2006-9-22","Financial","USA","749","NO"
"qvzius","HuntingtonInc","1995-11-22","Consumer Cyclical","UK","857","NO"
"umuk","PalantirCorporation","1969-10-16","CommunicationServices","France","462","NO"
"yrzmz","PapitaGalactic","1910-1-12","Materials","Italy","401","NO"
"wald","SamsungCompany","1954-6-12","Technology","UK","773","YES"
"ngky","AmazonCorporation","2021-5-12","Consumer Cyclical","Japan","348","NO"
"hngsae","AppleCompany","1982-6-23","Materials","UK","255","NO"
"mjw","SimonHolder","1939-2-23","Healtcare","USA","202","NO"
"tvcn","SimonGalactic","1969-1-6","Consumer Cyclical","USA","163","NO"
"ipgav","SberBankCorporation","1994-13-19","Materials","Italy","989","YES"
"tkztm","ReebolHolder","1967-4-6","Financial","France","414","YES"
"cwbfn","MarshalHolder","1944-9-27","CommunicationServices","Italy","221","YES"
"ceox","HPCompany","2006-8-24","Energy","China","856","NO"
"drdgp","PapitaEmpire","1957-2-23","Industrials","USA","371","NO"
"boekps","AMDEmpire","1945-6-22","Consumer Cyclical","Japan","585","YES"
"ufvn","AcerEmpire","2012-13-6","CommunicationServices","Japan","417","NO"
"nfipwn","LukoilHolder","1953-9-21","Consumer Cyclical","UK","695","YES"
"vceazi","SberBankEnterprise","1961-2-25","Materials","Russia","46","YES"
"lbkv","VirginHolder","2015-4-1","Technology","UK","940","NO"
"lnpi","AppleHolder","1946-1-6","Energy","Japan","982","YES"
"npi","AcerEmpire","1971-6-15","Semiconductors","China","484","YES"
"lxjne","MeuzauEmpire","1985-4-18","Healtcare","France","863","NO"
"jias","SamsungInc","1904-1-2","Industrials","UK","121","NO"
"dtis","JuiceHost","1917-13-4","CommunicationServices","USA","613","NO"
"mgu","MindalCorporation","2019-7-20","Technology","USA","803","NO"
"ohcee","HospitalCompany","1931-6-13","Materials","Italy","141","NO"
"npcra","AppleGalactic","1992-7-13","Materials","Japan","593","YES"
"heifzq","NikeHost","2018-5-8","Technology","Germany","835","NO"
"wwruws","SberBankCompany","1922-4-20","Industrials","UK","104","NO"
"htct","BurgerKingEmpire","1922-12-17","Semiconductors","Japan","477","NO"
"cmabe","ReebolHost","2019-4-32","Semiconductors","UK","403","YES"
"hkd","JuiceGalactic","2016-13-6","Technology","Italy","671","NO"
"nbbr","OrangeInc","1962-8-22","Materials","China","297","YES"
"wntrca","VoxGalactic","1932-3-31","Financial","China","370","NO"
"sgoch","AcerGalactic","1924-10-15","Materials","Russia","660","NO"
"ldsear","NickelCompany","1945-8-26","Materials","France","93","YES"
"mkwvhn","LukoilEmpire","1955-4-31","Healtcare","China","408","YES"
"zggf","NVIDIAGalactic","1960-13-5","Semiconductors","France","680","NO"
"qiiwad","AmazonHolder","1918-2-26","Consumer Cyclical","Germany","482","NO"
"xjbd","AcerGalactic","1914-2-13","Financial","UK","672","NO"
"rgaytg","AMDHost","1922-6-5","Consumer Cyclical","China","300","YES"
"udos","AlalaneHost","1925-12-4","Consumer Cyclical","Germany","961","YES"
"qwfaij","AppleCompany","2020-2-14","Industrials","China","858","YES"
"dbmzhe","ReebolHolder","1921-7-2","Financial","Italy","524","YES"
"ckdr","AmazonGalactic","2008-8-18","Materials","China","55","YES"
"jpptfe","MaximGalactic","1952-6-32","CommunicationServices","China","575","NO"
"vhunel","HPGalactic","1918-5-8","Technology","Russia","701","YES"
"mlv","MaximCompany","1975-11-23","Energy","China","200","YES"
"lclg","AcerEnterprise","1908-7-25","Energy","USA","838","NO"
"nrsws","BurgerKingEnterprise","1916-2-24","Financial","Russia","676","YES"
"dgq","ToshibaCorporation","2003-2-1","Healtcare","UK","369","YES"
"bszv","MeuzauHost","1964-4-5","Energy","Japan","855","YES"
"hnhelk","MindalHolder","1973-5-21","CommunicationServices","USA","1","YES"
"ihec","SamsungCorporation","1972-2-23","Energy","Germany","350","YES"
"enjvba","SimonCorporation","1930-8-1","Semiconductors","China","385","YES"
"grngx","AMDHolder","1969-9-24","Healtcare","UK","155","NO"
"gqwyo","AsusCompany","1997-4-28","Semiconductors","Germany","509","NO"
"zzhr","AlalaneCompany","1975-12-14","Industrials","China","619","NO"
"faierx","JuiceEmpire","1930-1-28","Technology","China","614","YES"
"myxak","AsusGalactic","1960-10-7","Consumer Cyclical","Italy","346","YES"
"vrdr","MicrosoftInc","1942-12-30","Healtcare","Italy","351","NO"
"avte","SberBankHolder","1909-6-21","Consumer Cyclical","Italy","916","NO"
"egtx","NickelCompany","2009-9-18","Energy","Germany","488","YES"
"xqbqy","AlalaneEnterprise","1925-11-30","CommunicationServices","Italy","809","NO"
"pvyb","MeuzauHolder","1917-3-21","Technology","USA","276","NO"
"lig","AMDCompany","1909-13-1","Technology","China","631","NO"
"vdfrg","AlalaneInc","1959-9-23","CommunicationServices","Italy","717","YES"
"qhfp","KFCEnterprise","2001-10-17","CommunicationServices","Japan","395","NO"
"hvzajh","VoxHost","2011-9-2","Technology","USA","133","NO"
"vvnl","BOSCHEmpire","1963-12-17","Materials","UK","338","NO"
"sjup","MeuzauHolder","1939-4-2","CommunicationServices","Japan","871","YES"
"cpxpnw","MeuzauEmpire","1935-6-24","CommunicationServices","Italy","691","NO"
"utjp","MirrowHolder","2021-2-27","Healtcare","UK","304","NO"
"lqvu","HospitalGalactic","1948-2-13","Energy","China","511","NO"
"okwlf","AppleHost","2020-11-8","Technology","Germany","656","NO"
"lmrntf","NikeHost","2006-8-29","Energy","Germany","669","YES"
"bfocq","SberBankHost","1983-7-8","CommunicationServices","France","331","NO"
"bogvl","JuiceCompany","1940-12-16","Consumer Cyclical","China","565","NO"
"ewmk","MeuzauInc","1955-7-22","Industrials","France","415","YES"
"izwmw","OrangeCorporation","1963-9-9","Energy","USA","388","YES"
"bgpi","BurgerKingInc","1986-11-13","Financial","USA","781","NO"
"worb","OrangeCorporation","2006-1-23","Semiconductors","USA","148","YES"
"iyfoo","JuiceGalactic","1987-6-24","CommunicationServices","UK","405","NO"
"jlk","ToshibaGalactic","1989-6-12","Financial","UK","713","YES"
"kujp","PalantirGalactic","1958-5-8","Consumer Cyclical","China","561","NO"
"nguwiz","MeuzauHolder","1920-8-11","Technology","USA","117","NO"
"xitme","AmazonHolder","1910-11-6","Energy","Italy","910","NO"
"yktrfs","PalantirEnterprise","1959-4-32","Healtcare","UK","974","YES"
"mimv","JuiceInc","1947-10-24","Consumer Cyclical","USA","522","YES"
"qair","KFCHolder","1927-13-22","Energy","USA","634","NO"
"blvh","LukoilEmpire","1912-7-19","CommunicationServices","Italy","531","YES"
"rcsmff","TeslaInc","1989-6-5","Energy","USA","515","YES"
"qdluk","AlalaneEnterprise","1982-6-22","Healtcare","USA","497","YES"
"jkwfp","SamsungHolder","1983-2-27","Industrials","France","425","NO"
"vgibfo","AsusHolder","1928-3-17","Financial","China","733","YES"
"gmq","VoxCorporation","1983-11-28","Semiconductors","Japan","821","NO"
"zdioqk","NVIDIAEmpire","1985-4-30","Technology","Japan","166","YES"
"wfyrks","MindalGalactic","1909-12-8","Energy","UK","479","NO"
"wrv","NVIDIAHost","2019-8-6","CommunicationServices","Germany","332","NO"
"myp","HPCorporation","1904-3-23","Industrials","France","567","NO"
"zliw","ToshibaCorporation","1962-11-8","Semiconductors","Italy","326","NO"
"qyg","AmazonHolder","1970-3-24","Energy","France","983","NO"
"szz","SimonInc","2004-10-1","Consumer Cyclical","France","285","YES"
"yvqp","MirrowGalactic","1992-7-17","CommunicationServices","USA","251","YES"
"hrnjiq","NLTCompany","2006-8-12","Technology","USA","310","YES"
"zpreju","HPHolder","1957-9-12","Consumer Cyclical","Japan","47","YES"
"vjs","AMDEmpire","2005-3-2","Semiconductors","USA","612","YES"
"qppp","ToshibaCompany","1986-11-11","Energy","France","453","NO"
"wps","McDonaldsHolder","1986-11-22","Financial","France","269","NO"
"pfyl","AlalaneInc","1995-10-18","Financial","Germany","888","NO"
"qamwrk","MirrowHolder","1987-7-20","Technology","China","89","YES"
"otzn","NikeHost","1914-4-32","Healtcare","Germany","957","NO"
"xtcxjb","AmazonInc","2001-8-17","Semiconductors","Japan","31","YES"
"zueat","TeslaCorporation","2001-12-6","CommunicationServices","China","948","YES"
"sgzp","PalantirHost","1964-1-11","Healtcare","Germany","550","NO"
"reuk","NVIDIAInc","1993-11-23","Consumer Cyclical","Japan","518","YES"
"zekal","PalantirHolder","1932-1-18","Semiconductors","France","95","NO"
"gcgwj","OrangeInc","2018-5-28","Energy","Germany","440","YES"
"kpnqws","AlalaneHost","1959-12-9","Industrials","Germany","609","NO"
"bdhkb","NickelHolder","1999-7-12","Semiconductors","Russia","549","YES"
"ejca","NickelEmpire","1985-3-3","Healtcare","Germany","993","NO"
"kmbyhh","PalantirHost","1907-7-10","Consumer Cyclical","Russia","328","YES"
"ifyodg","VirginCompany","1990-4-10","Energy","USA","68","YES"
"uvy","HuntingtonCompany","1985-12-27","Financial","China","8","YES"
"wlcsj","HospitalCompany","1974-10-16","Semiconductors","Japan","400","NO"
"xxiedg","MeuzauInc","1941-13-25","Healtcare","France","407","NO"
"gwmg","BOSCHHolder","1936-9-26","Industrials","UK","760","YES"
"cqdnha","OrangeInc","1956-6-27","Technology","Germany","847","NO"
"tweyo","VoxCorporation","1964-2-10","Semiconductors","UK","908","NO"
"caxor","AcerInc","2008-2-18","Technology","Russia","816","YES"
"yrr","HPCorporation","1940-10-12","Industrials","China","446","NO"
"lacd","AmazonEnterprise","1915-11-6","Technology","USA","61","NO"
"ghj","AdidasEnterprise","2011-6-23","Energy","Russia","175","YES"
"unv","SimonCorporation","1967-8-23","Industrials","UK","764","YES"
"jnc","LukoilEmpire","1929-13-30","Semiconductors","Italy","157","NO"
"hxjuc","AmazonEnterprise","1974-9-4","Technology","Japan","698","NO"
"mcsidx","JuiceHost","1927-2-17","Energy","USA","683","NO"
"fkfitl","SamsungInc","1958-8-22","Semiconductors","France","977","NO"
"zlffj","NikeInc","1948-12-4","Energy","Russia","600","NO"
"irmj","ReebolInc","1985-5-8","Semiconductors","France","318","YES"
"ecqgu","HPCompany","1977-6-20","Technology","USA","537","NO"
"vrhsuf","VoxHost","1904-8-11","Semiconductors","France","512","NO"
"gpd","NLTHost","1942-13-18","Technology","USA","377","YES"
"txfv","HuntingtonCompany","1946-2-27","Semiconductors","Italy","973","NO"
"tiho","HospitalEmpire","1999-5-31","Healtcare","China","967","NO"
"czbnm","BurgerKingGalactic","1947-4-20","Materials","UK","87","YES"
"ipi","AMDCorporation","2010-10-26","Semiconductors","Russia","320","NO"
"ddz","HuntingtonEmpire","1945-6-4","Healtcare","Germany","423","YES"
"bvq","MicrosoftInc","1956-11-27","Healtcare","China","694","NO"
"mhaneu","AlalaneEnterprise","1954-4-27","Financial","USA","747","NO"
"bbtbx","McDonaldsGalactic","1987-2-6","Consumer Cyclical","Italy","984","NO"
"pposhv","NVIDIACompany","1913-3-14","Consumer Cyclical","Italy","770","NO"
"scsfjf","KFCEnterprise","2007-8-29","Healtcare","USA","309","NO"
"wmni","KFCCorporation","1970-9-21","Financial","Japan","895","YES"
"yilic","HospitalHolder","1958-3-30","Semiconductors","France","132","NO"
"mvz","AcerHost","1989-13-11","Semiconductors","France","159","NO"
"dhwde","TeslaInc","1935-3-12","Materials","China","675","YES"
"wggi","AcerCorporation","1954-5-12","CommunicationServices","Japan","797","NO"
"szhi","NLTEnterprise","2015-6-23","Healtcare","Japan","223","YES"
"cjzt","KFCHolder","1970-4-7","Industrials","France","724","NO"
"hxsjri","MicrosoftCorporation","1930-2-32","Industrials","Russia","254","YES"
"cbyf","SimonHolder","2004-8-7","Materials","Japan","964","YES"
"fzbo","NLTGalactic","1943-1-4","Financial","USA","23","YES"
"xlipzj","AMDCompany","1991-5-7","CommunicationServices","France","139","YES"
"nxv","HPGalactic","1982-6-4","Energy","Italy","514","YES"
"aoq","HPEmpire","1980-6-27","Materials","Japan","635","YES"
"knbsan","LukoilCorporation","1990-7-18","Energy","USA","772","NO"
"yowvby","NickelCompany","1923-12-18","CommunicationServices","Japan","236","NO"
"rvkh","AdidasCorporation","1906-3-24","Financial","Russia","739","YES"
"mnxui","ToshibaHost","1961-2-22","Technology","Germany","839","YES"
"gwf","TeslaEnterprise","1983-1-11","CommunicationServices","USA","171","YES"
"qpjksz","PalantirCorporation","1986-9-6","Consumer Cyclical","Germany","67","YES"
"cuco","NikeGalactic","1939-6-16","Industrials","Germany","36","NO"
"xewbv","LukoilHolder","2014-9-26","CommunicationServices","Russia","805","NO"
"pigtrg","AMDEmpire","2006-8-27","Technology","Russia","653","NO"
"rgezx","AppleInc","1977-1-20","Technology","Italy","127","YES"
"rhrb","PapitaEnterprise","2000-4-16","Materials","Germany","42","YES"
"huxi","MicrosoftHolder","1912-6-14","CommunicationServices","Germany","342","NO"
"jgsmho","SimonEnterprise","1914-12-6","Materials","UK","366","YES"
"kyih","SberBankCorporation","1945-12-14","Financial","Russia","333","YES"
"avnol","AcerGalactic","2020-11-14","Industrials","USA","262","NO"
"spe","TeslaCorporation","2008-9-27","Energy","Germany","145","NO"
"bjxe","JuiceEmpire","1933-10-27","Consumer Cyclical","France","729","YES"
"mmfqhx","AlalaneEnterprise","1975-2-30","Consumer Cyclical","USA","288","NO"
"yzeu","MarshalCorporation","1907-9-11","Materials","Germany","37","YES"
"rccxq","TeslaCompany","1984-11-8","Technology","Italy","987","NO"
"bxbkux","MicrosoftEmpire","1960-9-20","Semiconductors","UK","925","YES"
"cgy","JuiceCorporation","1951-10-31","Healtcare","Russia","994","YES"
"ghgz","MaximCorporation","1969-13-18","Healtcare","Italy","234","NO"
"cljhff","LukoilCorporation","1968-13-29","Industrials","France","551","NO"
"quaay","PalantirCorporation","1961-7-29","CommunicationServices","Germany","156","NO"
"ldei","JuiceGalactic","2016-6-19","Technology","Italy","247","YES"
"zxhq","NikeEmpire","2005-8-18","CommunicationServices","Japan","883","YES"
"qrse","AdidasHost","1911-8-32","Industrials","France","35","NO"
"ctzhup","ToshibaHolder","2021-11-27","Materials","Russia","57","YES"
"ojd","MaximCompany","1918-6-18","Consumer Cyclical","Italy","706","NO"
"azcct","JuiceCorporation","1946-7-24","Energy","France","9","NO"
"sxevyg","HuntingtonHost","1962-9-4","Energy","Russia","358","NO"
"ugq","KFCEnterprise","1941-9-10","Consumer Cyclical","Italy","313","NO"
"pdtha","MarshalInc","2010-10-18","Semiconductors","China","841","YES"
"uaqgc","McDonaldsInc","2017-7-6","Materials","Italy","28","YES"
"yfke","AsusCorporation","1974-10-11","Semiconductors","Italy","53","YES"
"lie","MouseCompany","1932-10-12","Materials","UK","791","NO"
"qcfn","NVIDIAEmpire","1945-9-13","Industrials","UK","60","NO"
"unx","PapitaHolder","2004-3-20","Materials","France","775","YES"
"wthmy","SimonCompany","2019-2-25","CommunicationServices","Japan","678","YES"
"ykw","McDonaldsCompany","1989-10-21","CommunicationServices","Italy","379","NO"
"gdt","JuiceCorporation","1982-8-3","Energy","Russia","539","NO"
"ihu","AmazonHolder","2010-10-27","Technology","China","496","YES"
"nmrgw","TeslaCompany","2004-13-31","Consumer Cyclical","China","501","NO"
"iwe","SamsungEnterprise","1905-7-15","Healtcare","Russia","469","NO"
"dua","NLTEmpire","1980-10-20","Materials","USA","184","NO"
"eluc","ReebolHost","1935-5-23","Technology","Russia","271","YES"
"dqs","VoxHost","1954-4-18","Semiconductors","Russia","411","NO"
"rezswb","KFCEnterprise","2011-11-12","Energy","Japan","765","NO"
"ojbfh","AmazonInc","1931-1-22","Consumer Cyclical","Germany","181","YES"
"zvuhz","NikeEnterprise","1963-1-23","Technology","Japan","757","NO"
"ypfvsa","SimonGalactic","2002-5-29","Healtcare","France","924","NO"
"pww","NVIDIAEnterprise","2012-4-27","Consumer Cyclical","Germany","611","NO"
"yysch","AlalaneCompany","1987-9-10","CommunicationServices","France","472","NO"
"xucyg","HospitalHolder","2019-4-20","Healtcare","China","118","YES"
"ydd","HPHolder","1940-12-31","Semiconductors","Italy","998","YES"
"hkec","ToshibaEnterprise","2003-12-11","Industrials","UK","665","NO"
"krhgh","OrangeCompany","1961-8-2","CommunicationServices","Russia","626","NO"
"itseha","AppleEnterprise","1979-10-2","Technology","Italy","786","YES"
"luh","AsusEnterprise","1952-5-4","Technology","Italy","663","NO"
"hvhw","SimonInc","1948-3-14","Materials","USA","563","NO"
"ilusw","SimonGalactic","1913-8-18","Healtcare","USA","323","YES"
"cojl","NLTHolder","1965-11-10","CommunicationServices","France","120","NO"
"xwsbth","HPGalactic","1907-4-5","Semiconductors","Italy","136","NO"
"bwrs","HPEmpire","2002-13-5","CommunicationServices","Russia","647","YES"
"ujjnf","NikeInc","1951-4-11","Healtcare","UK","624","NO"
"wivspo","MeuzauCorporation","1912-7-20","Energy","China","819","YES"
"patjo","MarshalEnterprise","2004-6-13","Industrials","China","817","NO"
"siif","AsusHolder","1907-8-20","Semiconductors","Russia","696","NO"
"mjoqm","MaximGalactic","1918-2-1","Materials","France","168","YES"
"vgm","SberBankEnterprise","1961-8-1","CommunicationServices","Italy","480","YES"
"fdzdk","HospitalHolder","1928-3-29","Industrials","Germany","900","NO"
"pjeqk","McDonaldsCompany","1954-12-3","Industrials","China","409","YES"
"fzgjdx","SamsungEnterprise","1988-8-28","Financial","Italy","48","NO"
"pgbhc","AcerEmpire","2005-2-19","Materials","UK","144","NO"
"olyqnj","BOSCHHolder","1986-4-17","Technology","Italy","325","NO"
"dteert","SimonEmpire","1929-5-21","Semiconductors","Russia","736","YES"
"omrqk","KFCCompany","1920-1-19","Materials","USA","868","YES"
"mqtij","LukoilCorporation","1925-3-4","Materials","Japan","828","NO"
"pzsrla","SberBankHolder","1915-3-22","Materials","France","664","NO"
"elrng","BurgerKingEmpire","1985-8-29","Technology","USA","762","YES"
"nkk","MicrosoftCorporation","1977-7-24","CommunicationServices","Germany","784","NO"
"ptoyti","MirrowInc","1971-9-17","Semiconductors","China","952","YES"
"wrspy","LukoilCorporation","2016-7-16","Energy","China","289","NO"
"tyttf","PapitaHost","1989-12-6","Semiconductors","UK","458","YES"
"gxj","VoxCompany","2002-2-6","Materials","France","393","YES"
"vepdao","AmazonHolder","1996-3-11","Energy","Germany","206","YES"
"wdvwt","KFCEmpire","1967-7-15","Financial","Japan","270","NO"
"idzlk","AdidasHost","1946-2-14","Energy","Italy","776","YES"
"ppp","BOSCHHost","2021-2-1","Consumer Cyclical","France","714","YES"
"xzgxn","NikeEmpire","1932-2-30","Energy","Russia","228","YES"
"jlyoa","McDonaldsHost","1950-10-6","CommunicationServices","France","290","NO"
"ckq","MaximInc","1992-1-6","Semiconductors","China","279","YES"
"zollrr","AsusInc","2016-9-31","Semiconductors","Italy","82","YES"
"urqe","JuiceHost","1974-10-5","Materials","Germany","745","YES"
"ehx","LukoilHolder","1980-11-4","Healtcare","USA","527","NO"
"abw","MirrowInc","1997-9-22","Energy","Russia","268","NO"
"qgdxz","AlalaneEnterprise","1964-13-30","CommunicationServices","Italy","253","YES"
"vbt","MirrowHolder","1929-10-16","CommunicationServices","Japan","829","YES"
"esygkq","McDonaldsHolder","1929-3-10","Energy","Italy","889","YES"
"cxrr","McDonaldsEnterprise","1946-11-8","Semiconductors","China","811","YES"
"qgabrb","OrangeEmpire","1936-4-29","Energy","Japan","727","YES"
"xyikqn","PalantirHolder","1996-7-19","CommunicationServices","Russia","402","YES"
"oao","OrangeHost","1948-8-19","CommunicationServices","France","697","NO"
"iclnqg","VirginCompany","1970-5-32","Financial","France","945","NO"
"ayt","HPEmpire","1949-11-16","CommunicationServices","Japan","275","YES"
"ngsqpn","ReebolCorporation","1951-13-8","Technology","USA","970","NO"
"mnp","ToshibaInc","2017-8-12","CommunicationServices","Germany","711","YES"
"ialjx","SamsungCorporation","2015-11-22","Industrials","Italy","992","NO"
"udcwx","JuiceCompany","2006-13-9","CommunicationServices","France","44","NO"
"pmhgf","SimonEnterprise","1911-1-3","Energy","China","32","NO"
"ffhag","NikeCompany","2003-11-4","Financial","Germany","741","NO"
"kzpa","NVIDIAEmpire","2015-1-24","Semiconductors","China","330","NO"
"dacf","HospitalEnterprise","1905-10-8","Healtcare","USA","375","NO"
"jlmwqx","SamsungInc","1985-8-15","Industrials","Germany","930","NO"
"ngmiid","AcerCompany","1954-4-6","Energy","USA","167","NO"
"gzz","MirrowHost","1999-5-16","Energy","Italy","96","NO"
"nasa","KFCCorporation","1936-2-22","Materials","France","406","NO"
"ykmk","AlalaneHolder","1900-3-28","Industrials","UK","586","YES"
"emtukc","MicrosoftEmpire","1907-1-21","CommunicationServices","UK","744","YES"
"bjev","AmazonCompany","1904-7-28","Semiconductors","France","335","YES"
"rdjmp","AdidasCorporation","1922-7-11","Energy","UK","938","NO"
"sdlyq","VirginInc","1982-4-32","Materials","France","134","YES"
"qsnx","KFCCorporation","1945-1-11","Industrials","Germany","198","NO"
"flvk","NVIDIAHolder","1963-12-31","Healtcare","Japan","73","NO"
"yivlx","AppleHost","1968-9-5","Healtcare","USA","755","NO"
"ohef","TeslaEmpire","1903-6-4","Financial","Germany","743","NO"
"lreprz","HuntingtonHolder","2021-5-22","Financial","Germany","478","NO"
"rqtjz","SberBankHost","1964-1-4","CommunicationServices","Russia","555","YES"
"lyczf","NikeHost","1929-11-27","Industrials","UK","404","YES"
"cflduh","AcerInc","1988-4-30","Industrials","USA","422","NO"
"udylso","HuntingtonHolder","2002-10-5","Materials","France","315","NO"
"bkz","AlalaneCorporation","2018-8-1","Technology","Italy","875","YES"
"rjog","McDonaldsEnterprise","2001-8-20","CommunicationServices","France","197","NO"
"amdzb","NLTCompany","1946-6-30","Energy","Germany","752","NO"
"biqcaf","VoxGalactic","1997-1-4","Energy","China","690","YES"
"mokr","LukoilHolder","1979-7-6","Technology","Japan","426","YES"
"rkwran","MaximEmpire","1997-12-9","Technology","Germany","487","NO"
"kajz","PalantirGalactic","1908-11-10","CommunicationServices","Germany","243","NO"
"yjo","MarshalCorporation","1923-8-23","Industrials","USA","774","NO"
"mbxjt","VoxCorporation","2016-1-16","Financial","China","684","YES"
