"Alina","82","1993-4-9","M","Germany","565"
"Vitalik","92","1901-3-20","M","Germany","158"
"Pavel","60","1995-11-30","F","Japan","43"
"Maria","24","1939-6-5","F","France","409"
"Pavel","30","1993-13-21","F","Italy","962"
"Vitalik","54","1926-6-26","F","Russia","44"
"Anton","55","1936-6-25","F","Germany","629"
"Jonh","75","1914-13-2","M","Germany","572"
"Ivan","83","1964-8-26","F","Italy","802"
"Maria","26","1911-11-31","M","France","141"
"Anton","22","1917-5-28","M","USA","517"
"Vitalik","58","1933-3-23","F","USA","907"
"Ksenia","81","1950-2-30","M","UK","534"
"Igor","55","1952-1-20","M","Germany","816"
"Pavel","53","1953-2-13","F","China","906"
"Igor","64","1935-1-18","M","Russia","331"
"Ivan","68","1936-8-9","F","Russia","976"
"Maria","80","1974-5-23","M","Japan","819"
"Maria","89","2018-13-24","F","USA","544"
"Ksenia","82","2019-13-14","F","USA","470"
"Ivan","27","1919-11-19","F","Italy","714"
"Jonh","55","1949-5-20","F","USA","785"
"Anton","32","1996-6-11","F","USA","137"
"Anton","29","2021-6-29","M","Italy","234"
"Igor","27","1978-3-3","M","Japan","224"
"Jonh","76","1993-13-22","F","UK","35"
"Anton","22","1968-8-25","F","Japan","318"
"Ivan","92","2008-12-29","F","UK","938"
"Pavel","91","1950-9-22","M","UK","41"
"Jonh","79","1965-3-3","M","Japan","673"
"Ivan","82","2016-11-2","F","USA","625"
"Anton","62","1976-1-31","F","USA","181"
"Alina","23","1963-7-5","F","Germany","28"
"Ivan","31","1993-12-9","F","Japan","621"
"Alina","83","1954-8-12","M","China","723"
"Maria","28","2019-13-27","M","Germany","191"
"Anton","58","1910-3-16","M","Italy","724"
"Anton","89","1920-2-29","F","UK","270"
"Igor","50","1921-12-30","F","USA","442"
"Ksenia","28","1931-9-27","F","Italy","605"
"Jorge","40","1909-12-22","F","UK","286"
"Ksenia","39","1985-13-22","F","China","578"
"Ksenia","89","1907-1-3","F","Japan","543"
"Pavel","88","2003-13-15","F","Russia","670"
"Jorge","50","2011-9-27","M","Japan","237"
"Alina","63","1938-3-22","M","China","349"
"Ksenia","70","1961-10-11","M","Italy","540"
"Igor","20","1955-6-11","M","UK","566"
"Jorge","27","1998-10-5","F","UK","655"
"Jonh","54","1920-10-25","M","Germany","347"
"Igor","57","1994-2-12","M","France","987"
"Jorge","50","2004-4-9","M","France","869"
"Pavel","35","1951-5-12","M","USA","978"
"Ksenia","89","2001-3-18","M","UK","20"
"Igor","70","1955-12-3","F","Italy","431"
"Maria","48","1985-13-8","M","UK","983"
"Ivan","20","1979-5-9","F","UK","563"
"Maria","29","1976-8-29","M","USA","185"
"Ivan","28","2018-13-32","F","UK","215"
"Vitalik","40","2012-5-6","M","Japan","918"
"Anton","80","1925-3-31","F","France","927"
"Alina","43","2007-1-24","F","Germany","48"
"Igor","83","1920-1-17","F","France","478"
"Pavel","70","2014-12-6","M","France","346"
"Jonh","36","1979-6-15","F","China","313"
"Jorge","49","1983-4-26","M","UK","464"
"Anton","69","1969-3-7","M","Germany","818"
"Ksenia","56","2011-2-5","F","Japan","59"
"Vitalik","67","1945-12-8","M","UK","527"
"Jonh","18","1913-1-31","M","China","666"
"Maria","80","1966-2-9","F","Italy","708"
"Jorge","82","1942-12-2","M","France","857"
"Pavel","47","2007-4-18","M","China","110"
"Jonh","34","1942-3-7","F","France","361"
"Jonh","35","2009-3-22","F","Japan","422"
"Ivan","53","1914-9-31","M","Italy","69"
"Maria","52","1977-3-24","M","France","624"
"Maria","62","1954-6-18","F","USA","144"
"Vitalik","58","1945-11-30","M","China","642"
"Igor","78","1970-13-18","M","Germany","494"
"Ksenia","35","1964-2-32","M","UK","260"
"Jorge","73","1938-8-26","F","Germany","82"
"Anton","25","1914-9-22","M","Italy","703"
"Ksenia","41","1928-10-9","M","USA","376"
"Jonh","66","1935-5-24","F","UK","450"
"Ksenia","86","1964-7-12","F","Russia","604"
"Jonh","68","1956-6-17","M","Italy","633"
"Maria","45","1913-6-17","M","Japan","646"
"Vitalik","75","2003-1-2","M","Germany","757"
"Alina","60","2019-4-26","M","France","731"
"Anton","84","1954-5-8","M","Italy","495"
"Igor","31","1979-4-1","M","France","998"
"Jonh","39","1988-12-18","F","UK","740"
"Alina","37","1928-12-12","M","France","62"
"Ksenia","33","2017-7-3","M","China","545"
"Vitalik","72","1938-11-14","M","China","804"
"Pavel","62","2011-11-17","M","USA","577"
"Jonh","59","1947-1-22","M","UK","34"
"Vitalik","53","1948-11-21","M","France","999"
"Ksenia","50","2016-6-13","M","China","567"
"Anton","62","1947-10-32","M","Japan","10"
"Ksenia","47","1941-12-23","M","Germany","930"
"Alina","76","1936-6-30","F","France","130"
"Maria","36","1984-13-16","M","Japan","557"
"Pavel","72","1913-6-5","F","Russia","506"
"Anton","88","1987-1-23","F","France","14"
"Vitalik","44","2014-5-7","M","France","882"
"Ivan","19","1969-8-17","F","Germany","219"
"Jonh","91","1903-13-9","M","UK","404"
"Anton","73","1978-8-20","F","France","914"
"Ivan","53","1939-4-32","F","USA","222"
"Ksenia","46","1967-3-3","M","France","878"
"Vitalik","57","1986-7-7","M","UK","63"
"Jonh","51","1937-11-12","M","Germany","745"
"Alina","68","1970-12-7","M","France","904"
"Anton","20","2018-9-21","F","Russia","718"
"Ksenia","59","1913-13-4","M","Russia","520"
"Ksenia","53","1990-8-31","F","Japan","776"
"Alina","74","1936-8-32","M","Russia","484"
"Igor","51","1916-7-21","F","Russia","529"
"Jonh","48","1902-11-17","F","UK","398"
"Igor","92","2009-12-25","M","Italy","536"
"Igor","56","1965-1-27","M","USA","928"
"Pavel","87","2020-2-9","F","Russia","778"
"Ivan","27","2008-4-2","M","China","72"
"Vitalik","45","1952-10-28","M","Russia","555"
"Ivan","83","1944-5-15","M","Germany","485"
"Igor","43","1913-9-30","M","China","716"
"Pavel","68","1981-10-12","M","Germany","449"
"Ivan","91","1943-1-17","M","Germany","510"
"Anton","23","1939-2-1","F","Japan","123"
"Ksenia","87","1973-3-28","F","China","126"
"Pavel","59","1996-12-19","F","France","944"
"Pavel","27","1932-8-15","F","Russia","685"
"Alina","55","1946-4-28","M","China","374"
"Jonh","66","1945-11-27","F","China","917"
"Ksenia","29","1962-11-11","F","France","47"
"Vitalik","43","2005-1-18","M","China","677"
"Igor","69","1950-10-22","F","Germany","632"
"Alina","60","1987-10-23","F","France","931"
"Pavel","84","1950-8-7","F","France","49"
"Anton","47","1917-4-6","F","China","678"
"Jonh","54","1983-9-14","F","Germany","399"
"Pavel","75","1954-6-9","F","USA","292"
"Maria","41","1930-12-3","M","Italy","407"
"Igor","32","1975-10-18","F","USA","471"
"Maria","50","1964-12-19","M","Germany","394"
"Alina","25","1974-11-27","M","France","207"
"Vitalik","49","1965-13-3","F","France","575"
"Igor","65","1950-12-27","F","Russia","170"
"Jonh","35","1983-3-8","F","China","56"
"Igor","51","1936-1-29","M","UK","128"
"Ivan","74","1928-6-15","F","UK","547"
"Ksenia","61","1994-11-19","M","Russia","915"
"Maria","56","1917-2-4","F","Germany","131"
"Jonh","34","1989-8-29","M","France","51"
"Maria","70","1972-5-17","M","Japan","147"
"Pavel","20","1965-2-16","M","China","803"
"Jonh","86","1902-3-17","M","USA","294"
"Igor","23","2016-10-20","M","France","302"
"Igor","44","1965-3-28","F","China","796"
"Pavel","25","1980-2-3","F","Germany","91"
"Ksenia","83","1957-11-6","M","Germany","490"
"Anton","37","1973-5-11","M","Russia","1000"
"Igor","56","1901-2-27","M","Japan","574"
"Jorge","79","2017-7-14","M","China","15"
"Ivan","75","1956-10-3","M","France","304"
"Ksenia","65","2004-9-14","M","UK","289"
"Alina","82","1980-6-14","F","USA","78"
"Ivan","66","1921-3-15","M","Russia","977"
"Ivan","85","1908-3-24","M","China","101"
"Pavel","67","1989-11-5","F","Russia","597"
"Jonh","76","1904-6-8","M","Russia","560"
"Pavel","52","1918-9-30","M","USA","166"
"Pavel","89","1965-9-29","F","UK","134"
"Vitalik","27","1978-8-22","F","Russia","933"
"Jorge","56","1921-9-26","M","UK","213"
"Ksenia","25","1994-6-19","F","Japan","690"
"Alina","61","1934-7-9","F","France","614"
"Vitalik","18","1993-9-16","F","Italy","809"
"Anton","33","1905-1-13","M","Russia","360"
"Vitalik","83","1975-10-30","M","USA","382"
"Alina","92","2018-3-13","M","UK","365"
"Alina","22","1912-4-25","F","UK","76"
"Maria","66","1938-1-3","F","Russia","626"
"Alina","27","1955-6-23","F","Japan","864"
"Anton","77","1942-4-4","F","Japan","741"
"Jorge","40","1977-10-31","M","Germany","788"
"Pavel","74","2016-3-22","F","Germany","498"
"Ivan","38","1931-5-2","F","Italy","848"
"Ivan","19","2012-11-8","M","USA","340"
"Anton","36","1973-4-27","M","USA","291"
"Jonh","37","1979-13-12","M","Germany","95"
"Jorge","33","1907-5-12","F","Japan","466"
"Pavel","31","1947-7-10","M","Japan","539"
"Jorge","75","1951-8-21","F","UK","451"
"Jorge","91","1953-13-17","F","Italy","587"
"Ksenia","67","1997-12-13","M","France","911"
"Jorge","36","1921-3-15","F","Japan","352"
"Jonh","31","1967-11-11","F","Germany","942"
"Alina","24","1963-12-11","F","UK","832"
"Igor","24","1903-4-3","F","China","695"
"Igor","26","1943-10-30","M","Germany","586"
"Alina","45","1914-10-3","M","Italy","885"
"Igor","84","1943-5-18","F","France","991"
"Jonh","52","1975-10-17","M","USA","753"
"Igor","43","1908-3-1","M","France","968"
"Ivan","46","1960-12-11","M","USA","499"
"Alina","61","1929-3-4","F","France","924"
"Anton","26","1926-11-12","F","China","744"
"Jonh","24","1921-6-5","M","USA","653"
"Vitalik","86","2012-3-20","M","China","152"
"Maria","38","1968-13-18","M","Japan","193"
"Alina","45","1997-8-3","M","China","427"
"Pavel","21","2016-8-7","F","China","925"
"Igor","64","2019-13-3","F","Italy","636"
"Jonh","61","1922-4-3","F","France","230"
"Ivan","33","1901-10-23","M","Japan","94"
"Alina","78","1925-2-26","M","Germany","355"
"Jorge","26","1907-13-32","M","France","163"
"Ksenia","88","1951-1-31","F","Russia","337"
"Ksenia","79","1998-11-5","M","Japan","791"
"Vitalik","76","1913-9-5","M","China","295"
"Pavel","80","1965-3-25","M","France","861"
"Ivan","37","1958-12-10","M","UK","921"
"Ksenia","58","1916-1-21","F","UK","138"
"Ksenia","71","1937-6-27","F","Italy","752"
"Pavel","40","1993-3-32","F","Japan","199"
"Ivan","84","1931-12-8","F","China","57"
"Alina","24","1984-12-12","F","USA","971"
"Ivan","56","1943-3-7","F","China","746"
"Alina","68","1968-6-29","M","Germany","250"
"Anton","28","1959-4-9","M","China","620"
"Igor","32","2007-5-21","F","China","115"
"Jonh","33","1949-13-9","M","France","87"
"Ivan","29","2005-8-28","M","Japan","548"
"Maria","89","2001-13-3","F","France","350"
"Ksenia","49","1936-4-13","M","UK","210"
"Igor","72","1990-2-2","M","Japan","875"
"Ksenia","65","1976-2-9","F","Italy","261"
"Maria","72","2018-11-10","M","Germany","265"
"Pavel","47","1999-10-11","F","Japan","120"
"Jorge","80","2019-4-12","M","China","436"
"Anton","66","1909-3-5","F","China","463"
"Jorge","28","1959-5-6","F","Germany","249"
"Ksenia","20","1959-7-3","M","Russia","242"
"Anton","64","1970-5-24","F","UK","916"
"Ksenia","46","1931-13-32","M","France","345"
"Vitalik","35","1977-2-1","F","UK","406"
"Maria","90","1936-3-17","M","Russia","476"
"Ksenia","41","1983-13-16","M","Russia","455"
"Pavel","76","2018-9-7","M","Japan","233"
"Igor","75","1924-1-20","M","UK","847"
"Jonh","85","1935-8-11","M","UK","713"
"Vitalik","51","1932-1-28","F","Russia","165"
"Vitalik","89","1922-10-3","M","USA","738"
"Vitalik","77","2017-1-4","F","USA","675"
"Ivan","38","1985-3-4","F","Italy","727"
"Maria","30","1968-4-12","M","UK","309"
"Alina","65","1991-13-25","F","France","473"
"Anton","19","1962-5-11","M","UK","615"
"Pavel","32","1975-2-3","M","Japan","445"
"Jorge","57","2002-5-1","F","Russia","161"
"Ksenia","83","1943-5-17","M","Italy","839"
"Jorge","42","1992-12-29","F","Germany","671"
"Igor","90","1901-2-5","M","Germany","172"
"Maria","72","2007-8-31","M","Italy","732"
"Igor","44","1985-3-13","F","Russia","553"
"Anton","27","2017-9-21","M","France","32"
"Jorge","24","1910-8-2","M","Japan","248"
"Pavel","29","2018-3-26","M","Italy","542"
"Anton","42","1931-12-7","M","Japan","395"
"Ksenia","88","1998-11-10","F","Russia","568"
"Pavel","76","1992-2-13","M","USA","153"
"Anton","29","1916-3-2","F","UK","379"
"Pavel","62","2003-3-8","F","Japan","80"
"Ksenia","71","1985-13-30","F","Italy","324"
"Igor","56","1993-10-4","F","UK","990"
"Ksenia","84","1994-5-17","F","Germany","208"
"Ivan","76","2015-2-12","M","Russia","645"
"Ksenia","32","1903-5-32","F","Germany","54"
"Ivan","81","1952-3-22","F","Germany","50"
"Pavel","87","1930-8-5","F","France","765"
"Maria","51","1992-4-2","M","Russia","441"
"Igor","73","1973-4-26","M","UK","454"
"Maria","32","1955-10-3","M","Germany","293"
"Pavel","48","1946-2-28","M","France","97"
"Ivan","78","1909-7-10","M","USA","415"
"Ivan","42","1966-10-9","M","China","980"
"Pavel","68","1923-1-20","F","Japan","966"
"Alina","62","1988-3-10","M","USA","256"
"Jonh","88","1926-8-18","F","UK","828"
"Igor","78","2020-10-9","F","Russia","71"
"Pavel","36","1959-1-14","M","China","327"
"Maria","27","1963-6-13","F","France","808"
"Alina","89","1989-10-9","F","Russia","503"
"Anton","32","1927-5-5","F","Japan","227"
"Maria","29","1987-2-11","F","Russia","759"
"Vitalik","50","1944-13-22","F","Russia","58"
"Alina","83","1988-4-31","F","Russia","180"
"Pavel","66","1985-4-17","F","Japan","6"
"Ivan","89","1946-3-30","M","UK","702"
"Maria","52","1993-5-15","F","Russia","281"
"Ivan","27","1957-9-20","M","UK","118"
"Alina","43","2004-10-30","M","France","16"
"Ivan","79","2011-12-2","F","France","975"
"Maria","19","1970-2-28","F","China","483"
"Alina","27","1940-2-19","F","Japan","259"
"Ivan","21","1902-4-26","M","Germany","83"
"Jonh","36","1917-2-2","F","Japan","439"
"Maria","86","1941-9-19","F","Russia","190"
"Vitalik","25","1934-8-11","F","Germany","622"
"Igor","23","1950-4-20","M","China","961"
"Ivan","20","2021-11-28","F","USA","922"
"Ksenia","87","2013-11-30","M","Russia","151"
"Pavel","58","1933-7-17","M","Germany","512"
"Anton","31","1969-11-22","M","Italy","196"
"Maria","67","1910-10-28","M","Japan","546"
"Anton","82","1907-7-10","M","Germany","693"
"Ivan","37","1946-5-23","F","Russia","457"
"Alina","83","1953-10-15","F","Italy","462"
"Pavel","90","1977-1-11","F","China","119"
"Jorge","32","1981-2-13","F","Germany","558"
"Ivan","51","1985-10-27","F","UK","310"
"Ksenia","81","1915-9-15","M","China","648"
"Ksenia","62","1938-13-8","M","Japan","537"
"Ksenia","64","1981-5-4","F","UK","841"
"Igor","54","1980-12-9","M","Italy","169"
"Vitalik","55","1974-3-12","M","UK","201"
"Alina","55","1927-13-18","F","Japan","46"
"Ksenia","23","1994-4-23","F","Russia","428"
"Vitalik","36","1928-3-21","M","Russia","85"
"Pavel","21","1917-2-7","F","UK","288"
"Alina","52","1907-13-2","F","Italy","964"
"Vitalik","45","1984-6-9","F","Russia","200"
"Maria","45","1972-3-31","M","France","769"
"Ksenia","18","1956-13-24","M","Germany","369"
"Ivan","33","1947-4-14","M","France","519"
"Jorge","22","1919-13-19","F","Russia","122"
"Ksenia","72","1969-12-32","M","UK","417"
"Anton","89","1983-5-17","F","Germany","67"
"Vitalik","50","1943-3-30","M","Germany","881"
"Igor","22","2002-4-16","M","Russia","697"
"Maria","60","1914-5-25","M","China","533"
"Ksenia","18","1959-7-6","M","China","322"
"Jonh","72","2020-1-32","F","Italy","418"
"Jorge","45","2020-13-16","M","USA","411"
"Jonh","63","1972-4-2","F","Japan","421"
"Igor","76","1945-12-16","F","China","592"
"Igor","28","1996-4-3","F","Germany","370"
"Jorge","26","1928-7-13","F","Germany","522"
"Igor","31","1956-4-25","M","UK","211"
"Pavel","36","1968-5-30","M","Russia","893"
"Igor","52","1929-1-32","M","Germany","699"
"Jonh","21","1961-2-10","M","Germany","901"
"Igor","69","1969-4-7","F","China","674"
"Vitalik","83","2004-11-10","M","Germany","950"
"Ksenia","28","2020-4-18","F","Russia","362"
"Igor","31","1976-11-24","M","Italy","892"
"Igor","73","1943-5-5","M","France","513"
"Igor","76","1936-13-13","F","Japan","198"
"Anton","86","2011-3-5","F","UK","596"
"Anton","46","1921-12-25","M","UK","582"
"Anton","92","2012-10-26","F","China","628"
"Anton","38","1990-11-14","M","France","266"
"Jonh","42","1931-2-19","M","Germany","197"
"Anton","61","2012-3-11","F","Italy","177"
"Ivan","66","1923-9-15","M","UK","932"
"Pavel","69","1966-3-30","M","China","314"
"Vitalik","36","2014-1-26","M","France","133"
"Jorge","67","1981-5-3","M","France","3"
"Alina","54","1987-3-5","F","UK","461"
"Jorge","81","1933-13-2","M","USA","226"
"Vitalik","37","1941-8-14","F","UK","106"
"Pavel","87","1988-5-30","M","China","240"
"Igor","54","1929-1-6","M","Germany","116"
"Vitalik","43","1904-6-12","F","USA","481"
"Vitalik","22","1993-10-22","M","Japan","157"
"Alina","92","2004-8-21","M","USA","747"
"Maria","61","1914-9-31","F","USA","844"
"Jonh","68","1926-5-16","F","Russia","923"
"Igor","38","1943-7-30","F","USA","953"
"Ivan","59","1938-9-22","M","France","735"
"Vitalik","78","2011-11-32","M","USA","834"
"Ksenia","36","2013-3-6","M","Japan","859"
"Pavel","92","1987-13-13","F","Russia","156"
"Maria","60","1949-5-30","F","Russia","780"
"Alina","72","1992-3-29","F","Germany","438"
"Jorge","66","1968-6-19","F","Russia","737"
"Ksenia","76","1910-3-2","F","UK","30"
"Ivan","34","1994-5-8","F","Italy","475"
"Anton","76","1938-10-13","F","Japan","373"
"Maria","30","1917-10-25","M","USA","792"
"Anton","64","1938-4-30","M","USA","283"
"Alina","22","1999-8-26","M","UK","603"
"Jorge","52","1920-1-3","F","Italy","204"
"Igor","72","1983-8-9","F","Germany","64"
"Pavel","44","1996-1-21","M","China","257"
"Ksenia","51","1977-10-6","F","Italy","113"
"Anton","51","1962-9-30","F","UK","40"
"Vitalik","60","1999-8-10","F","Italy","53"
"Igor","35","1942-11-24","M","Germany","838"
"Jorge","68","1977-1-14","F","Germany","884"
"Ivan","55","1989-3-25","F","Germany","992"
"Igor","62","1970-9-1","M","UK","952"
"Alina","34","1941-10-21","M","UK","728"
"Ksenia","35","1936-1-14","F","Russia","402"
"Igor","42","1942-9-20","F","France","874"
"Igor","34","1935-9-32","M","France","216"
"Pavel","58","1960-9-18","F","Germany","593"
"Ksenia","51","2007-13-18","M","Italy","650"
"Maria","48","1952-7-14","F","UK","307"
"Ivan","36","1914-6-7","F","Japan","351"
"Jorge","92","1945-2-11","M","Russia","669"
"Ivan","92","1986-2-17","F","Russia","755"
"Vitalik","44","1953-13-17","M","Germany","375"
"Igor","33","1987-1-16","M","Italy","105"
"Ivan","41","1938-8-14","F","China","92"
"Jonh","26","1941-4-24","M","Russia","585"
"Jorge","69","1977-3-28","F","UK","584"
"Alina","66","1990-1-18","F","Japan","758"
"Pavel","63","1933-4-28","M","Italy","831"
"Vitalik","66","1997-2-23","M","UK","179"
"Ivan","72","1976-5-15","M","Japan","657"
"Vitalik","86","1925-2-24","M","Russia","730"
"Jonh","71","1960-10-29","F","UK","341"
"Alina","47","1948-13-5","F","Russia","508"
"Vitalik","36","1999-7-25","M","Germany","526"
"Anton","74","1988-13-27","M","USA","686"
"Maria","33","1951-11-7","F","Italy","140"
"Pavel","89","1948-10-13","M","China","385"
"Ksenia","50","1938-10-28","M","Germany","174"
"Maria","42","1971-4-28","F","USA","561"
"Maria","45","1970-11-2","M","China","245"
"Jonh","85","1967-7-26","F","Russia","647"
"Jonh","91","2008-10-19","F","France","178"
"Ksenia","56","2021-12-22","M","France","691"
"Jorge","65","1920-1-15","M","China","858"
"Jonh","73","2015-7-22","F","UK","114"
"Maria","33","1908-6-28","F","Russia","239"
"Alina","51","1974-7-8","M","China","554"
"Jonh","40","1991-4-21","F","China","136"
"Igor","22","1930-10-14","F","Germany","894"
"Vitalik","34","1953-11-11","M","Japan","425"
"Igor","52","2000-13-8","F","Russia","687"
"Anton","45","1994-11-18","M","Italy","801"
"Alina","49","2019-4-3","M","France","500"
"Ksenia","92","1944-2-2","F","UK","856"
"Ivan","82","1986-7-6","M","Italy","988"
"Alina","83","1948-9-13","M","Germany","717"
"Pavel","84","1967-11-28","M","China","654"
"Alina","73","1972-4-8","F","UK","269"
"Ksenia","58","2019-6-27","M","UK","623"
"Maria","35","2021-1-25","M","Japan","444"
"Anton","18","1956-3-29","F","UK","102"
"Vitalik","73","1905-3-2","M","UK","19"
"Vitalik","57","1953-13-28","M","Japan","852"
"Maria","21","1915-2-13","M","Germany","815"
"Maria","39","1963-6-3","F","Russia","899"
"Ksenia","19","1905-13-7","M","Italy","773"
"Igor","90","1934-10-24","M","Japan","392"
"Igor","79","1999-8-15","M","Japan","701"
"Ivan","58","2014-3-12","M","UK","84"
"Jorge","76","1921-3-3","F","Japan","390"
"Anton","36","1982-8-20","M","Germany","957"
"Jonh","50","1912-10-6","M","France","26"
"Anton","31","2007-8-3","F","France","121"
"Pavel","20","1979-12-6","M","France","212"
"Ksenia","63","2003-4-15","F","China","23"
"Jorge","56","1947-8-14","F","Russia","595"
"Maria","31","1940-12-26","F","Japan","342"
"Vitalik","64","1969-11-18","M","UK","742"
"Ivan","48","1921-13-4","M","France","205"
"Ksenia","90","1966-11-20","M","Japan","397"
"Anton","69","1992-7-31","M","China","452"
"Jonh","80","1922-9-13","M","Germany","1"
"Ksenia","40","1991-12-13","M","UK","594"
"Vitalik","48","1941-1-3","F","Russia","825"
"Vitalik","19","1911-2-4","M","Italy","467"
"Vitalik","43","2012-3-13","M","France","107"
"Pavel","62","1947-11-9","F","France","763"
"Jorge","83","2007-9-22","M","Germany","959"
"Pavel","89","1913-7-7","F","UK","909"
"Ksenia","85","1995-8-19","F","Japan","112"
"Vitalik","71","1963-13-5","M","Russia","480"
"Ivan","62","1969-6-15","M","Russia","552"
"Ksenia","56","1934-7-15","F","Japan","888"
"Pavel","36","1958-7-1","M","France","448"
"Maria","90","1909-4-30","F","China","335"
"Jorge","32","2016-7-9","F","Japan","705"
"Igor","50","1980-3-14","M","USA","317"
"Maria","43","1981-5-4","F","Germany","903"
"Pavel","79","1902-7-9","F","Italy","278"
"Igor","76","1929-8-32","M","France","378"
"Vitalik","61","2012-1-16","M","China","868"
"Pavel","52","1943-9-11","F","Japan","641"
"Alina","20","1985-6-5","F","Italy","676"
"Vitalik","73","2005-1-7","M","Germany","99"
"Jorge","27","1971-12-2","F","USA","812"
"Jonh","27","1977-6-11","M","China","90"
"Ivan","23","1932-2-4","M","Italy","357"
"Jorge","27","2004-12-18","M","Italy","371"
"Maria","64","1977-6-14","M","Italy","367"
"Anton","69","1937-5-27","M","Germany","606"
"Pavel","79","1905-11-7","F","Japan","290"
"Alina","88","1961-5-6","F","Italy","963"
"Igor","38","1989-11-30","F","France","830"
"Alina","58","1912-13-32","F","Russia","308"
"Vitalik","50","1923-7-23","M","UK","611"
"Vitalik","60","1923-4-6","M","Japan","905"
"Pavel","38","1971-6-13","M","UK","319"
"Jorge","75","1913-12-19","F","Germany","384"
"Igor","88","1952-9-3","F","Germany","315"
"Alina","26","1916-13-26","M","Russia","562"
"Alina","47","1927-10-14","F","France","358"
"Maria","85","1937-10-3","M","UK","793"
"Jonh","70","1924-9-7","M","China","607"
"Pavel","63","1962-1-16","M","Japan","970"
"Jorge","84","1909-5-15","F","Russia","396"
"Alina","54","1945-7-13","M","Japan","997"
"Igor","90","1929-5-22","F","Russia","946"
"Maria","78","1906-9-17","F","China","282"
"Jonh","40","2017-3-17","F","Italy","846"
"Maria","28","1955-5-23","M","Germany","823"
"Igor","79","1971-13-11","M","Germany","21"
"Alina","38","2021-3-15","M","USA","667"
"Igor","87","1919-3-3","F","UK","460"
"Ivan","27","2020-9-13","M","France","811"
"Jorge","50","1966-6-8","M","Japan","68"
"Ksenia","32","1956-11-23","F","Russia","748"
"Ksenia","67","1951-6-5","M","UK","497"
"Ivan","47","1984-8-5","M","France","936"
"Pavel","53","2005-8-18","M","China","945"
"Pavel","92","1927-11-2","M","Italy","117"
"Anton","91","1901-3-19","M","Germany","719"
"Igor","53","1926-3-24","F","Russia","994"
"Vitalik","73","1909-10-24","F","UK","736"
"Maria","56","1973-12-16","M","UK","726"
"Pavel","19","1995-9-20","M","USA","184"
"Jorge","39","2003-12-24","M","Italy","665"
"Jorge","45","1951-12-13","M","UK","951"
"Maria","37","1934-13-17","F","Japan","955"
"Anton","81","1986-8-30","F","USA","159"
"Vitalik","89","1961-4-18","M","France","762"
"Ksenia","36","2017-4-17","F","Russia","681"
"Alina","26","2001-4-31","M","France","472"
"Alina","40","1948-6-24","F","Russia","787"
"Pavel","51","2000-3-24","F","China","381"
"Jorge","21","2021-6-1","F","Russia","276"
"Maria","78","1958-13-7","F","Italy","989"
"Maria","23","1937-12-22","F","Russia","617"
"Ivan","80","1926-10-8","M","Italy","588"
"Jorge","86","1929-3-25","M","Italy","297"
"Jorge","31","1935-7-31","F","Japan","943"
"Anton","89","1994-6-18","M","Italy","532"
"Pavel","22","1906-13-13","M","Russia","45"
"Alina","88","2010-10-8","F","Italy","658"
"Vitalik","30","1969-4-11","F","France","694"
"Alina","59","1983-6-15","F","Italy","66"
"Vitalik","77","1996-3-12","F","China","272"
"Ksenia","53","1933-12-4","F","Germany","556"
"Ivan","35","1906-1-1","F","Russia","108"
"Ivan","49","1984-10-5","F","Russia","515"
"Vitalik","48","1909-6-1","F","Germany","692"
"Ksenia","31","1915-12-9","M","Russia","789"
"Alina","56","1974-13-11","M","UK","477"
"Maria","83","2001-13-16","F","France","807"
"Ksenia","59","1921-12-1","F","France","405"
"Jonh","77","1942-11-31","M","Russia","733"
"Igor","46","2000-4-13","F","Japan","279"
"Pavel","88","2001-2-17","F","China","524"
"Ivan","60","1967-3-15","F","France","79"
"Ivan","65","1908-1-26","F","Japan","897"
"Alina","18","2006-9-23","M","Japan","443"
"Maria","22","1943-3-20","F","USA","182"
"Ivan","46","1956-11-3","M","UK","217"
"Jonh","25","1912-3-23","F","China","31"
"Jorge","87","1917-7-25","M","Italy","254"
"Ksenia","53","1976-11-22","F","Russia","424"
"Maria","74","1976-8-23","F","USA","908"
"Jonh","36","2001-3-16","M","Russia","42"
"Ksenia","73","1927-1-6","F","UK","482"
"Alina","77","1905-7-18","F","UK","550"
"Jonh","46","1913-4-14","M","China","312"
"Jorge","41","2002-13-26","M","USA","339"
"Igor","31","1985-3-13","F","Russia","75"
"Alina","74","2018-4-32","M","China","850"
"Ivan","55","2007-4-30","F","France","275"
"Ksenia","55","1973-6-28","M","Italy","781"
"Anton","80","1970-4-29","F","Russia","391"
"Ksenia","50","1949-1-18","F","Italy","301"
"Vitalik","92","1926-2-10","M","Italy","902"
"Vitalik","83","1921-1-6","F","UK","771"
"Jonh","91","1924-3-6","M","Italy","958"
"Alina","88","1998-8-1","M","USA","528"
"Ivan","69","2016-2-10","M","Russia","756"
"Ivan","28","1963-10-11","F","Italy","232"
"Alina","87","1939-13-32","M","UK","883"
"Pavel","62","1941-6-1","M","USA","772"
"Jonh","77","2000-1-5","F","France","912"
"Pavel","77","1952-5-28","F","USA","486"
"Vitalik","35","1962-8-29","M","Russia","700"
"Pavel","77","1992-7-27","F","Italy","940"
"Ksenia","86","1997-8-26","F","France","995"
"Maria","68","1956-9-15","F","UK","194"
"Jorge","86","1910-11-27","M","Russia","926"
"Ivan","85","1917-3-6","F","USA","872"
"Vitalik","25","1938-4-26","M","France","541"
"Alina","87","1925-2-28","M","Germany","877"
"Alina","88","2007-5-22","M","Japan","33"
"Maria","58","1925-1-26","F","Germany","206"
"Igor","91","2010-1-8","M","UK","913"
"Ivan","78","1917-8-15","F","Germany","474"
"Jonh","54","1940-8-30","F","USA","967"
"Jonh","67","1923-1-14","M","USA","433"
"Jorge","26","1961-4-7","M","Germany","511"
"Jonh","60","1948-12-8","F","Japan","981"
"Pavel","39","1914-2-27","M","USA","4"
"Igor","20","2017-6-16","F","UK","749"
"Alina","40","1961-10-25","F","Russia","698"
"Ksenia","86","1903-9-2","F","Japan","403"
"Jorge","40","1954-4-7","F","USA","729"
"Alina","67","1964-10-5","M","China","706"
"Igor","84","1912-8-5","F","Germany","187"
"Ksenia","19","1922-12-30","F","Italy","710"
"Alina","54","1993-6-17","M","UK","764"
"Vitalik","73","1929-3-2","F","Italy","616"
"Ivan","87","1998-10-14","M","Russia","505"
"Ksenia","30","1939-2-31","F","Japan","70"
"Jorge","65","2004-11-26","M","Japan","36"
"Jorge","22","1912-3-6","M","USA","73"
"Alina","39","1990-5-8","M","USA","287"
"Vitalik","76","1917-13-1","F","France","229"
"Ivan","52","1984-13-16","M","France","707"
"Maria","82","1950-10-5","F","Japan","251"
"Ksenia","36","1999-8-18","F","USA","435"
"Ksenia","39","1922-12-31","M","China","492"
"Maria","59","1921-1-23","M","USA","973"
"Pavel","41","1932-11-3","F","France","502"
"Ivan","76","1909-2-3","F","Japan","164"
"Pavel","88","1967-2-4","M","USA","268"
"Maria","25","1927-12-9","M","France","175"
"Ivan","29","1997-13-3","F","China","631"
"Vitalik","29","1981-3-31","M","Russia","766"
"Ivan","62","1976-3-3","M","Italy","817"
"Alina","61","2006-1-29","F","China","311"
"Ksenia","24","1901-3-23","F","USA","820"
"Alina","76","2002-2-1","M","UK","262"
"Jorge","50","1913-9-15","F","China","125"
"Maria","60","1973-6-2","F","Japan","813"
"Ksenia","70","1965-1-25","F","UK","862"
"Maria","88","1913-2-21","F","UK","24"
"Alina","32","1942-11-13","F","Italy","602"
"Ivan","76","1986-8-22","M","China","656"
"Anton","79","1973-8-14","F","China","821"
"Igor","36","1979-7-27","M","China","937"
"Igor","35","1964-3-20","M","USA","209"
"Pavel","59","1979-3-1","F","UK","720"
"Alina","41","1953-12-30","F","Russia","777"
"Alina","55","1931-2-5","F","China","570"
"Jonh","21","1921-11-29","F","USA","873"
"Maria","29","1984-4-30","M","China","344"
"Alina","27","1980-6-10","F","China","754"
"Ksenia","61","2011-9-12","F","Germany","800"
"Pavel","67","1905-9-1","M","Italy","652"
"Jorge","37","2020-3-14","M","Italy","363"
"Pavel","37","1952-5-1","F","UK","504"
"Anton","91","1960-10-16","M","China","986"
"Anton","56","1971-3-1","M","France","591"
"Ivan","71","1928-4-16","M","France","401"
"Jonh","40","1957-5-25","F","Italy","601"
"Anton","26","1902-4-1","F","France","863"
"Jonh","71","1975-3-25","F","UK","984"
"Vitalik","51","1905-5-17","M","China","770"
"Maria","81","2016-4-18","M","Russia","148"
"Ksenia","37","1998-5-28","F","USA","420"
"Alina","47","1978-2-20","M","Italy","176"
"Vitalik","61","2001-5-27","M","China","711"
"Jonh","80","2004-13-12","M","Japan","173"
"Pavel","60","1963-12-25","M","Italy","255"
"Anton","79","1996-5-1","M","UK","96"
"Jorge","34","1923-8-17","M","China","598"
"Ksenia","78","1946-1-5","M","China","150"
"Alina","88","1950-11-29","F","UK","837"
"Pavel","45","1927-2-28","M","UK","487"
"Ivan","66","1925-12-12","M","Germany","252"
"Anton","30","1941-13-30","M","USA","27"
"Vitalik","63","1913-6-26","M","Germany","493"
"Alina","82","1991-2-3","M","Japan","416"
"Alina","21","1944-3-32","M","China","77"
"Ksenia","74","1904-2-31","M","France","29"
"Ivan","49","1978-12-7","M","Japan","459"
"Jonh","51","1941-7-4","M","Russia","949"
"Anton","77","1979-11-29","F","Japan","377"
"Maria","51","1913-4-6","F","Russia","774"
"Ivan","29","1964-1-2","F","Russia","900"
"Vitalik","42","1965-10-29","M","USA","684"
"Pavel","39","1968-11-11","M","USA","751"
"Igor","84","1918-7-22","M","Japan","643"
"Maria","80","1984-6-25","M","UK","782"
"Jorge","25","1971-5-6","M","France","767"
"Pavel","91","1941-9-26","F","Russia","521"
"Alina","26","1985-2-8","M","USA","426"
"Anton","37","1985-10-22","M","Italy","734"
"Alina","90","2007-8-22","F","UK","663"
"Alina","28","1903-6-1","M","Germany","192"
"Vitalik","44","2006-7-12","M","USA","579"
"Igor","33","1992-11-20","M","Italy","805"
"Jorge","53","1904-4-13","F","UK","651"
"Ksenia","20","1970-12-11","M","Italy","870"
"Pavel","58","1960-9-4","F","Russia","447"
"Maria","80","1987-11-14","F","Russia","768"
"Vitalik","74","2019-9-17","F","Italy","609"
"Ksenia","81","1946-4-8","F","France","712"
"Anton","80","1954-6-30","M","UK","715"
"Ksenia","67","1985-5-23","F","UK","662"
"Anton","61","1983-8-6","F","Germany","581"
"Alina","54","2013-4-28","M","France","576"
"Ksenia","74","1904-1-3","M","Japan","52"
"Ksenia","82","1974-6-22","F","UK","939"
"Igor","84","2008-10-32","M","Japan","972"
"Pavel","74","1994-7-21","F","Germany","725"
"Jonh","22","2008-13-29","M","China","7"
"Pavel","52","1931-13-1","F","UK","683"
"Alina","29","1992-8-16","F","Germany","456"
"Igor","28","2010-1-4","F","Italy","214"
"Jonh","80","1908-6-28","F","Germany","162"
"Pavel","20","1921-12-18","F","USA","600"
"Pavel","67","1998-9-6","M","Italy","806"
"Ksenia","55","1974-5-9","M","Russia","779"
"Vitalik","47","1945-9-18","F","Japan","109"
"Maria","83","1926-6-32","M","UK","329"
"Jonh","39","1939-1-2","M","UK","840"
"Jonh","28","1928-7-3","F","Russia","303"
"Jonh","25","2021-1-16","M","Germany","929"
"Jorge","50","1911-12-29","F","China","910"
"Jonh","86","1919-4-16","M","China","496"
"Igor","43","1954-9-23","M","Japan","551"
"Maria","18","1993-1-9","M","Italy","155"
"Jonh","28","1948-11-7","M","Italy","824"
"Ksenia","52","1959-3-16","M","Germany","638"
"Ksenia","71","2010-12-32","F","France","334"
"Anton","48","1944-7-7","M","Germany","833"
"Pavel","30","1956-2-6","F","USA","241"
"Igor","30","1978-9-6","M","Italy","688"
"Pavel","32","1906-10-9","F","China","333"
"Jonh","41","2013-8-16","M","UK","65"
"Ivan","73","1923-7-31","M","Japan","854"
"Pavel","85","1956-6-29","M","USA","305"
"Maria","73","1983-5-4","M","Germany","573"
"Igor","47","1993-10-6","M","USA","518"
"Jorge","69","1983-6-13","F","UK","469"
"Jonh","37","1907-2-29","F","China","775"
"Anton","45","1957-9-9","F","Russia","186"
"Alina","69","1980-8-1","M","Russia","965"
"Jonh","20","1929-9-18","M","Italy","982"
"Anton","46","1986-12-20","F","Germany","760"
"Maria","43","1954-4-32","M","Germany","608"
"Anton","34","1928-12-16","M","Russia","627"
"Igor","72","1926-2-29","M","Germany","871"
"Ksenia","22","1915-4-25","F","USA","37"
"Jorge","73","2012-13-12","M","Italy","332"
"Pavel","74","1955-9-7","M","Russia","253"
"Igor","23","1926-8-25","F","France","549"
"Pavel","85","1922-9-30","M","Germany","167"
"Ivan","71","1968-4-21","M","USA","635"
"Alina","85","1906-1-18","F","France","273"
"Jorge","45","2018-11-19","M","Russia","343"
"Alina","54","1947-4-20","M","France","320"
"Maria","50","1953-7-1","M","UK","853"
"Jorge","49","1938-4-20","F","Germany","514"
"Ksenia","50","1963-8-12","F","Germany","264"
"Anton","83","1919-10-11","F","China","419"
"Alina","69","1941-13-18","M","Russia","437"
"Igor","78","1968-6-23","M","Japan","509"
"Vitalik","62","1973-2-27","F","UK","538"
"Igor","83","2018-12-24","M","Japan","238"
"Anton","48","1902-8-5","M","UK","154"
"Jorge","87","1923-1-6","M","Italy","89"
"Anton","51","1989-5-10","F","Russia","236"
"Alina","36","1963-10-11","F","Germany","795"
"Vitalik","34","1935-2-17","M","France","143"
"Ksenia","58","1919-4-21","F","France","468"
"Vitalik","67","1918-3-16","M","Germany","822"
"Maria","59","1930-9-3","F","Italy","739"
"Vitalik","20","1947-8-27","M","China","849"
"Jonh","91","1920-3-14","F","France","111"
"Ivan","73","2020-13-21","M","Russia","168"
"Igor","24","1933-6-25","M","USA","630"
"Pavel","63","1951-2-13","F","Italy","799"
"Igor","39","1953-9-24","F","UK","559"
"Pavel","46","1995-12-15","M","China","5"
"Ivan","38","1910-10-26","M","China","634"
"Jonh","28","2016-8-3","M","Japan","2"
"Pavel","81","2009-4-25","F","France","354"
"Jonh","34","1923-1-6","M","France","794"
"Jonh","40","1983-8-29","F","Germany","750"
"Ksenia","75","1946-5-30","F","USA","25"
"Alina","33","2020-11-16","F","USA","491"
"Jonh","85","1949-5-26","F","China","613"
"Ivan","56","1923-6-28","F","China","960"
"Alina","76","1942-12-14","M","China","60"
"Ksenia","80","2009-9-9","M","France","359"
"Ksenia","66","1953-13-12","F","UK","298"
"Anton","51","1909-3-1","M","Japan","891"
"Vitalik","61","2001-3-16","M","USA","826"
"Vitalik","28","1995-11-14","F","China","672"
"Anton","80","1921-11-25","M","France","414"
"Vitalik","80","2019-11-3","F","UK","721"
"Maria","81","1906-4-26","F","USA","876"
"Jorge","26","1929-6-31","F","Italy","790"
"Ksenia","38","1979-3-25","F","USA","244"
"Vitalik","72","1915-12-2","F","UK","446"
"Ivan","38","2002-9-8","M","Russia","383"
"Maria","71","1907-5-4","M","USA","12"
"Ivan","89","1956-8-21","F","Germany","356"
"Maria","77","1956-2-16","M","Russia","93"
"Pavel","68","2018-2-14","M","Japan","321"
"Igor","27","1908-8-14","M","China","410"
"Maria","58","1941-12-13","M","Germany","797"
"Jonh","44","1964-9-4","M","UK","934"
"Jonh","49","2008-7-1","F","Germany","865"
"Pavel","43","1962-3-12","M","China","786"
"Maria","70","1982-8-10","M","Russia","583"
"Anton","51","1937-9-2","F","UK","423"
"Ksenia","26","1904-5-20","M","UK","640"
"Jonh","74","1966-10-29","F","Italy","919"
"Pavel","60","1950-1-10","M","Germany","590"
"Anton","61","1978-8-20","F","Germany","61"
"Pavel","53","1954-10-18","M","France","974"
"Ksenia","89","1994-2-22","M","France","696"
"Maria","80","1980-11-32","M","Germany","127"
"Jorge","21","1974-3-20","F","Italy","323"
"Anton","86","1929-1-4","M","Italy","679"
"Vitalik","73","1980-5-23","M","UK","860"
"Ksenia","52","1937-2-32","F","USA","18"
"Igor","21","1988-8-29","M","China","920"
"Ivan","77","2001-10-2","M","Italy","81"
"Ivan","23","2008-12-16","F","Germany","400"
"Maria","53","1948-5-7","F","France","328"
"Jonh","34","1911-9-13","F","Germany","835"
"Alina","65","1964-13-20","F","Italy","188"
"Ivan","90","1917-3-28","M","Japan","639"
"Igor","75","2012-13-12","M","Germany","183"
"Ksenia","46","1909-1-6","F","USA","267"
"Jonh","85","1942-3-23","F","Italy","413"
"Alina","77","1974-4-17","F","UK","612"
"Jorge","71","1966-5-21","F","Russia","488"
"Igor","81","1901-5-18","F","Italy","139"
"Vitalik","90","1981-1-10","M","Japan","235"
"Jonh","74","1970-3-1","M","Russia","364"
"Igor","55","1945-13-24","M","Russia","386"
"Ksenia","41","1946-1-18","F","China","569"
"Alina","27","1928-2-3","M","France","761"
"Ivan","50","1944-12-7","F","France","664"
"Jonh","48","1909-10-1","F","Japan","829"
"Igor","29","2018-7-11","M","USA","880"
"Alina","71","2017-2-11","F","Japan","203"
"Jonh","39","1926-1-12","F","USA","866"
"Jorge","31","2016-7-27","F","Italy","889"
"Jonh","29","1926-9-7","M","Japan","682"
"Ksenia","25","1984-5-11","F","France","160"
"Ksenia","56","2007-12-8","M","USA","668"
"Jonh","69","2020-6-4","M","France","784"
"Igor","34","1994-6-28","M","UK","610"
"Alina","36","1965-9-18","M","Italy","243"
"Vitalik","22","1970-2-21","M","Germany","145"
"Jonh","77","1961-1-16","F","France","74"
"Maria","56","1944-9-13","M","France","851"
"Maria","38","1980-2-11","F","France","306"
"Vitalik","40","1953-6-7","M","Russia","132"
"Vitalik","74","1924-8-30","F","France","221"
"Alina","86","1969-2-24","M","UK","947"
"Maria","38","1962-8-24","M","Japan","432"
"Pavel","80","1901-10-6","F","China","969"
"Ivan","34","1980-8-15","F","USA","855"
"Maria","30","1963-2-18","M","UK","387"
"Maria","35","1956-1-7","M","UK","709"
"Pavel","88","1940-9-1","F","USA","366"
"Igor","74","1904-13-18","M","Japan","618"
"Alina","67","1941-10-26","F","UK","146"
"Anton","66","1900-2-14","M","Italy","17"
"Anton","65","1944-7-24","M","USA","22"
"Jonh","54","2005-1-13","M","USA","845"
"Maria","59","1930-6-12","F","USA","225"
"Jorge","18","1919-4-21","F","France","142"
"Igor","73","2016-1-16","F","USA","659"
"Ksenia","51","1920-6-15","F","UK","516"
"Jonh","32","2002-6-18","F","China","13"
"Jorge","82","2012-11-3","F","UK","284"
"Jorge","90","1995-10-30","F","Russia","247"
"Ksenia","41","1922-5-2","F","Germany","896"
"Anton","26","1944-10-5","F","Italy","743"
"Maria","92","1961-1-4","M","UK","886"
"Maria","25","1974-6-28","M","Russia","985"
"Jorge","87","1906-7-1","M","Russia","389"
"Pavel","82","1986-13-25","M","Russia","525"
"Igor","51","1906-2-25","F","Russia","890"
"Vitalik","77","1940-3-29","M","China","330"
"Vitalik","52","1992-9-17","M","UK","956"
"Alina","83","1962-4-12","F","USA","271"
"Maria","92","1944-9-31","M","Italy","55"
"Jonh","55","2019-5-2","M","Russia","325"
"Anton","44","1961-2-13","F","UK","649"
"Alina","54","2017-12-8","M","Russia","458"
"Ivan","67","1980-1-21","F","France","149"
"Jonh","55","2012-2-10","M","China","220"
"Ksenia","45","1996-2-3","M","UK","571"
"Igor","48","1984-3-16","F","Japan","231"
"Alina","44","1977-2-27","F","UK","9"
"Pavel","58","1968-12-5","M","Germany","661"
"Igor","40","1905-8-5","M","Italy","453"
"Ksenia","67","2003-3-24","F","Japan","246"
"Anton","26","2003-1-26","M","China","218"
"Ksenia","27","1965-1-7","F","UK","898"
"Vitalik","22","1938-2-30","M","Italy","336"
"Ksenia","39","1941-10-12","M","USA","171"
"Vitalik","78","1963-8-15","M","USA","277"
"Alina","21","1965-13-17","F","Russia","993"
"Jonh","62","1955-4-30","M","Italy","263"
"Vitalik","85","1911-12-25","M","UK","429"
"Vitalik","72","1974-4-23","F","Japan","104"
"Pavel","66","2018-12-31","F","Germany","86"
"Igor","63","2005-9-19","F","Russia","599"
"Ivan","92","1906-3-3","M","China","783"
"Ksenia","21","1918-5-28","F","Japan","523"
"Anton","60","1974-12-15","M","Italy","589"
"Igor","74","1910-8-19","M","Germany","810"
"Igor","26","1904-10-1","M","Italy","258"
"Jonh","21","1996-3-24","F","USA","285"
"Alina","46","2018-5-24","M","China","531"
"Jonh","71","1938-4-32","M","Russia","103"
"Maria","22","1939-7-25","F","USA","479"
"Pavel","72","1997-3-29","F","France","300"
"Pavel","38","1924-12-19","M","Italy","228"
"Igor","72","2003-8-11","F","France","135"
"Igor","19","1927-6-1","M","Russia","489"
"Maria","45","1926-11-3","F","Italy","412"
"Anton","64","1958-11-22","F","UK","836"
"Igor","36","1908-7-3","M","Germany","223"
"Igor","27","1977-11-8","F","USA","434"
"Ivan","22","1929-12-15","F","USA","867"
"Maria","35","2011-11-17","M","UK","996"
"Igor","26","1938-8-20","F","UK","326"
"Jonh","56","1921-7-3","M","Germany","88"
"Ksenia","89","1945-1-11","F","France","202"
"Anton","72","2001-9-14","F","Germany","895"
"Vitalik","81","1983-3-31","F","USA","530"
"Anton","49","1989-1-19","F","France","722"
"Alina","32","1941-1-20","F","UK","644"
"Alina","77","2000-11-20","F","Germany","619"
"Jonh","57","2020-2-3","M","Japan","507"
"Ivan","81","1981-5-24","M","Germany","887"
"Alina","38","1986-10-10","M","USA","296"
"Ksenia","85","1935-10-18","M","China","689"
"Alina","51","1974-6-10","M","Japan","564"
"Ksenia","77","2005-12-25","M","China","948"
"Jorge","42","1906-6-12","M","France","39"
"Anton","71","1910-9-18","M","UK","814"
"Ksenia","73","1984-4-8","M","Russia","842"
"Vitalik","62","2016-1-23","M","UK","393"
"Anton","75","1959-3-13","F","China","8"
"Igor","32","1989-13-22","F","France","348"
"Ivan","74","1992-9-31","M","Russia","535"
"Vitalik","71","2015-9-17","F","Germany","353"
"Pavel","31","1918-3-20","F","Japan","798"
"Ksenia","65","1992-1-18","F","Japan","941"
"Ivan","73","1995-2-19","F","France","100"
"Vitalik","72","1915-8-13","F","Japan","189"
"Pavel","24","1910-11-32","F","USA","98"
"Igor","90","1918-5-6","M","USA","465"
"Vitalik","92","1935-11-31","F","UK","299"
"Ksenia","71","1966-7-11","M","China","129"
"Jonh","22","1937-3-3","M","Russia","11"
"Jorge","36","1924-8-32","F","China","316"
"Igor","23","2001-8-21","F","Japan","680"
"Jonh","92","1997-1-20","F","Italy","368"
"Jonh","64","1924-6-9","M","USA","879"
"Pavel","83","2000-10-20","M","France","372"
"Pavel","55","1997-7-29","F","USA","195"
"Ivan","50","1922-7-24","F","UK","827"
"Ivan","46","2008-6-10","F","Russia","430"
"Jonh","46","1935-9-12","M","Italy","935"
"Alina","89","1957-10-20","M","Italy","580"
"Ivan","21","1955-6-19","M","USA","501"
"Anton","83","1993-4-26","F","UK","660"
"Igor","67","2014-11-32","F","Italy","274"
"Alina","89","1904-12-17","F","Japan","843"
"Pavel","74","1954-4-24","M","USA","38"
"Pavel","55","1919-4-3","F","UK","124"
"Jorge","35","1920-1-12","M","Japan","388"
"Jonh","46","1954-4-4","M","Germany","338"
"Ksenia","45","2013-4-6","M","Germany","704"
"Anton","47","1985-8-21","M","Germany","440"
"Anton","33","1945-1-17","M","France","954"
"Jorge","86","1912-12-13","M","UK","280"
"Ksenia","65","1995-5-3","F","Germany","637"
"Vitalik","84","2006-5-21","M","Russia","979"
"Vitalik","71","1919-9-32","F","France","408"
"Pavel","87","1990-4-18","M","China","380"
